ISIN,SNAME,CCY,LST_PRICE,UNITS,VDATE
KYG371091086,FU SHOU YUAN INT,HKD,4.815,42000.0,2013-12-19
PLENERG00022,ENERGA SA,PLN,15.825,30164.0,2014-01-12
AT0000606306,RAIFFEISEN INT NEW,EUR,28.2625,2637.0,2014-02-17
GRS014003008,PIRAEUS BANK GS SWAP,EUR,1.665,-91792.0,2014-04-29
EGS3C0O1C016,ARABIAN CEMENT,EGP,10.895,133666.0,2014-06-17
DE000A1E8NW9,AFRICAN DEV CORP,EUR,10.26,19830.0,2014-08-26
US66978B2034,NOSTRUM OIL&GAS GDR,USD,12.375,12407.0,2014-06-23
PAP169941328,BANCO LAT GS SWAP,USD,29.765,-11620.0,2014-10-09
SG1AG3000000,YOMA STRATEGIC RIGHT,SGD,0.167,359000.0,2015-02-01
PLPKPCR00011,PKP CARGO SA,PLN,68.0,2822.0,2013-10-29
LU0327357389,KERNEL HOLDING SA,PLN,29.2,28837.0,2015-01-11
EGS37091C013,EASTERN TOBACCO,EGP,213.76,2202.0,2015-06-22
XS1253843665,PHOENIX HSBC PNOTE,USD,0.2849,34563.0,2015-06-22
AEDFXA14NUL7,ORASCOM CONS DUBAI,USD,12.465,52202.0,2015-07-29
KW0EQ0100077,BURGAN BANK GS SWAP,USD,1.582359,-12431.0,2015-02-09
CA9600081009,WESTERNZAGROS,CAD,1.045,48323.0,2014-01-21
CL0001762831,CFR PHARM SA LOCAL,CLP,108.495,152564.0,2014-02-10
XS1252372401,FXPO 10.375 2019,USD,85.764,195000.0,2015-09-17
KYG9362V1077,VIETNAM RESOURCE,USD,0.105,124818.0,2015-01-25
XS1305228071,EM REIT HSBC PNOTE,USD,1.231,67864.0,2015-12-13
DE000DE3BRQ2,SAMBA DB PNOTE BONUS,USD,7.051829,18818.0,2015-04-08
XS1860315552,MOUWASAT CS PNOTE,USD,33.730687,9246.0,2016-01-03
DE000DX6QGE9,ALHOKAIR DB PNOTE,USD,17.816467,16719.0,2016-01-04
US55302T2042,MHP GDR GS SWAP,USD,9.2,-16553.0,2015-01-12
US40053W1018,GRUPO AVAL ADR,USD,9.395,24929.0,2015-04-08
GB00B1XH2C03,FERREXPO GBP GS SWAP,GBP,0.60125,-162723.0,2015-07-06
KYG6846J1067,PACIFIC ALLIANCE ASI,USD,1.71625,137018.0,2015-07-08
AEF000201010,FIRST GULF GS SWAP,USD,3.124192,-36174.0,2016-02-08
NGASHAKACEM8,ASHAKA CEMENT,NGN,28.665821,1797961.0,2015-05-06
AED001501025,DUBAI PARKS RTS,AED,0.375,378466.0,2016-06-05
XS1609318412,SAMBA HSBC PNOTE,USD,5.524236,41097.0,2015-12-13
XS0628652884,GTB 7.5% 2016,USD,100.509,500000.0,2016-02-11
PK0099701010,ENGRO FERTILIZER LTD,PKR,63.95,177500.0,2016-11-24
BMG702781094,PETRA DIAMONDS LTD,GBP,0.86625,59489.0,2015-10-04
GB00B8HX8Z88,MEDICLINIC GS SWAP,ZAR,198.02,-6410.0,2016-02-17
ROCOTEACNOR7,CONPET SA PLOISESTI,RON,71.2,13785.0,2016-06-15
USU1738N8553,TALLINK CITI PNOTE,EUR,0.925,29945.0,2016-03-22
KYG6583A1022,NORD ANGLIA,USD,23.225,11761.0,2017-01-12
GB00B3SXM832,BLACKRCKFRNT ML SWAP,GBP,1.48625,-230000.0,2017-07-18
AEN000501017,TABREED,AED,1.865,192352.0,2017-04-02
PK0083501012,ALLIED BANK LTD,PKR,105.745,237600.0,2016-11-03
JE00BLKGSR75,IDH PLC,USD,2.939,114954.0,2016-11-06
US29244A1025,EDENOR ADR,USD,37.46,38733.0,2017-09-20
KYG875721634,TENCENT GS SWAP,HKD,199.65,-53000.0,2017-01-15
KYG5307W1015,KOLAO HOLDINGS,KRW,5795.0,1.0,2017-08-08
PHY6033N1001,METRO RETAIL STORES,PHP,3.725,578050.0,2017-03-13
KW0EQ0200653,KUWAIT PROJ GS SWAP,USD,1.000467,-370000.0,2018-02-21
UG0000001145,UMEME,UGX,531.0,1848532.0,2016-09-05
IM00B1G3MS12,ORIGO PARTNERS PLC,GBP,0.0175,450000.0,2016-09-26
PHY7690Y1083,SHAKEYS PIZZA,PHP,12.12,1290400.0,2016-12-15
ID1000063100,ULTRAJAYA MILK,IDR,4425.0,1281700.0,2017-01-11
AED001501017,DXB GS SWAP,USD,0.096108,-1536025.0,2018-09-25
SE0009778848,MEDICOVER AB,SEK,78.3,12792.0,2018-10-29
DE000DL3UB55,VIETJET DB PNOTE,USD,5.729635,40085.0,2017-03-09
NL0011871496,JARIR JP PNOTE,USD,46.915818,5074.0,2018-10-24
AEA002301017,ARAMEX,AED,3.975,1648342.0,2018-10-31
GB00BYSS4K11,GEORGIA HEALTHCARE,GBP,2.34,92675.0,2018-11-19
US40052A4076,GRUPO CLARIN ARG GDR,USD,6.199783,4027.0,2017-09-17
DE000DX6QFA9,SAMBA DB PNOTE,USD,8.129648,20966.0,2018-12-27
PK0052401012,DG KHAN CEMENT,PKR,96.03,786900.0,2018-07-17
XS1807174476,ECONET SB PNOTE,USD,0.157875,2566330.0,2019-05-16
VGG9055P1100,UNION AGRCLT NEW,USD,2.355,36667.0,2017-11-16
GHEMTN051541,MTN GHANA,GHS,0.695,3429403.0,2019-10-02
ROMEDLRGH018,MEDLIFE RIGHT SHARES,RON,36.4,22396.0,2018-01-28
VN000000NVL0,NOVALAND VIETNAM,VND,61650.0,57570.0,2018-08-06
ZAU000015406,ROCKCASTLE GS SWAP,ZAR,1e-06,-377061.0,2018-09-04
EGS65541C012,CAIRO INV & REAL EST,EGP,6.0,4049107.0,2018-09-30
SA0007879170,NIC GS SWAP,USD,3.489922,-295019.0,2019-10-07
XS2027913107,ARAB BANK HSBC PNOTE,USD,7.985891,7380.0,2019-10-22
AEDFXA1XE5D7,EMIRATES REIT,USD,0.22,60885.0,2020-04-21
KW0EQ0601058,MOBILE TELE COMMS,KWD,0.4925,753354.0,2018-08-06
US48138M1053,JUMIA ADR GS SWAP,USD,36.745,-40390.0,2020-11-29
AED000901010,DUBAI FIN MK GS SWAP,USD,0.170297,2384116.0,2020-04-07
US58733R1023,MERCADOLIBRE GS SWAP,USD,320.975,-5698.0,2018-09-06
ARTGNO010117,TGN,ARS,53.2,22010.0,2018-09-09
ROSNGNACNOR3,ROMGAZ,RON,32.725,31488.0,2018-09-20
GB00B0LCW083,HIKMA PHARMA,GBP,26.125,44587.0,2020-11-11
QA0006929879,QIIB GS SWAP USD,USD,2.517136,-450000.0,2020-12-06
KE0000000554,EQUITY BANK LTD,KES,40.375,4920900.0,2018-11-01
XS1930086746,ALAWWAL BK MS PNOTE,USD,3.907302,1324355.0,2018-11-19
XS1743820182,NAT MED HSBC PNOTE,USD,11.140873,211824.0,2018-11-19
US87238U2033,TCS GROUP GS SWAPUSD,USD,31.55,15510.0,2020-12-14
TRVXIST026Z6,ISE30 APR21 GSFTSWAP,TRY,1432.625,-233.0,2021-04-19
GG00B979FD04,GLOBALWORTH REAL EST,EUR,5.9,24371.0,2021-03-30
XS1928467908,CASSAVA SB PNOTE,USD,2.442921,64619.0,2019-03-28
LU0974299876,GLOBANT HSBC SWAP,USD,106.8,-10993.0,2019-07-17
AT0000606306,RAIFF EUR GS SWAP,EUR,28.2625,-2637.0,2014-02-17
RU0007775219,MBT LOCALS,USD,7.285478,36388.0,2014-05-06
GRS323003004,EUROBANK ERGASIAS SA,EUR,0.2475,583871.0,2014-11-30
ROSIFEACNOR4,SIF 5,RON,1.9225,924099.0,2014-03-13
US48122U2042,SISTEMA GDR GS SWAP,USD,23.485,-11179.0,2014-05-06
GB00BF5SDZ96,STOCK SPIRITS GROUP,GBP,3.0825,41680.0,2014-07-10
US48668G2057,KCELL GDR,USD,9.775,8701.0,2014-12-03
RU000A0B6NK6,TMK,USD,2.75033,4085.0,2013-11-17
TREEGYO00017,EMLAK KONUT,TRY,2.695,180600.0,2013-11-19
DE000DB9JRJ0,IRB DB PNOTE,USD,3.794751,56957.0,2015-05-20
LK009A22GB71,JK DB PNOTE WTS 2,USD,0.573645,662.0,2013-12-17
AEDFXA14NUL7,ORASCOM DUBA GS SWAP,USD,12.465,-52202.0,2015-07-29
XS1084156576,SAMBA HSBC PNOTE BNS,USD,6.997667,17994.0,2015-03-30
PLPKN0000018,PKN GS SWAP,USD,14.080242,-25743.0,2015-01-08
AT0000809058,IMMOFINANZ,EUR,2.1065,62024.0,2015-02-02
QA000A0KD6L1,QAT GAS TRAN GS SWAP,USD,6.084987,-68000.0,2015-12-09
GB00BGP6Q951,NOSTRUM OIL GAS PLC,GBP,7.525,12407.0,2014-06-30
CA68764K1084,ORYX PETROLEUM,CAD,5.925,24247.0,2014-12-30
EGS920I1C016,GB AUTO RIGHTS,EGP,3.19,1156736.0,2015-04-29
EGS673T1C012,GB AUTO,EGP,2.96,507293.0,2015-10-27
NO0003921009,DNO ASA,NOK,16.02,71359.0,2015-02-10
EGS305I1C011,EDITA FOOD INDUSTRIE,EGP,33.23,18998.0,2015-11-02
XS0614325586,FXPO 7.785% 2016,USD,92.5175,300000.0,2015-07-09
EGS95001C011,ORASCOM CONSTRUCTION,EGP,100.995,52202.0,2015-07-28
PHY9730B1062,XURPAS INC,PHP,11.87,1243100.0,2016-10-18
PHY716171079,PUREGOLD,PHP,35.975,27200.0,2016-03-10
USP989MJAU54,YPF 8.875% 12/18,USD,108.8,1200000.0,2016-12-07
XS1150999818,DUBAI PRK HSBC PNOTE,USD,0.428816,270412.0,2016-07-03
IM00B23XCH02,NEP ZAR GS SWAP,ZAR,175.6,-142893.0,2017-07-13
US87217U2087,TBC BANK GDR,USD,13.0,75443.0,2016-08-09
ZAE000074142,MEDICLINIC GS SWAP,ZAR,120.25,-10258.0,2016-02-14
RU000A0JNAA8,POLYUS LOCAL,USD,65.399717,8573.0,2017-07-31
NGGUARANTY06,GT BANK GS SWAP,USD,0.116288,-1000000.0,2017-10-30
NGZENITHBNK9,ZENITH BANK GS SWAP,USD,0.065034,-2638575.0,2017-08-13
PK0018103017,KOHINOOR TEXT RIGHTS,PKR,1.25,72406.0,2017-11-13
VGG812641063,SIERRA RUTILE LTD,GBP,0.22125,592699.0,2016-04-21
VGG402261058,GOBI COAL,USD,1e-06,150117.0,2018-01-29
PK0066201010,MAPLE LEAF CEMENT,PKR,69.99,45624.0,2017-12-26
US8792732096,TELECO ARGENTINA ADR,USD,21.935,28902.0,2018-05-29
PK0108001014,HASCOL PETROLEUM,PKR,256.88,42640.0,2018-01-02
XS1650080739,ALMARAI HSBC PNOTE,USD,13.53207,98772.0,2018-03-05
US6976602077,PAMPA ENERGIA ADR,USD,35.75,76310.0,2018-07-01
IM00BDD7WV31,NEPI ROCK GS SWAP,ZAR,139.12,-151835.0,2018-02-11
ARCABH300011,CABLEVISION HOLDINGS,ARS,349.75,29615.0,2018-05-10
XS1846642244,SB ZIM CLN 0% 2018,USD,46.0485,219731.0,2018-07-05
US54150E1047,LOMA NEGRA ADR,USD,6.825,114009.0,2018-08-30
DE000DM7GUD4,VIN RETAIL DB PNOTE,USD,2.198987,1325010.0,2018-02-22
ROSFGPACNOR4,SPHERA FRANCHISE,RON,29.1,92886.0,2018-03-07
US07329M1009,BANCO FRANCES ADR,USD,17.125,10974.0,2018-05-15
PK0080201012,OIL&GAS DEV GS SWAP,USD,1.185073,-275000.0,2018-07-29
PK0004901010,ADAMJEE INSURANCE,PKR,44.15,313000.0,2018-10-25
NL0012328801,DOMINOS EURASIA UK,GBP,0.7775,302075.0,2018-10-14
PK0071501016,LUCKY CEMENT,PKR,489.3,201900.0,2018-06-27
NGDANGCEM008,DANGOTE CEM MS SWAP,USD,0.610238,-251285.0,2017-07-31
DE000DM096U8,VP BANK DB PNOTE,USD,1.029683,745471.0,2018-11-22
VN000000DHG0,DHG PHARMA JSC,VND,82349.999998,78860.0,2019-01-17
US37950E6894,MSCI PAK HSBC SWAP,USD,9.265,-9991.0,2018-12-04
CWN564923464,EMIRATES NBD ML WRNT,USD,2.606861,78041.0,2019-02-03
US42207L1061,HEADHUNTER GROUP ADR,USD,16.185,32725.0,2019-05-09
HU0000120720,WABERERS INT ZRT,HUF,1632.5,27741.0,2019-03-17
PLEURCH00011,EUROCASH GS SWAP PLN,PLN,21.21,-9005.0,2020-01-12
SA000A0DM9P2,ETIHAD ETIS GS SWAP,USD,5.839611,-414050.0,2019-11-03
KE0000000315,KENYA COMM BANK LTD,KES,35.05,3094600.0,2020-04-16
GB00BH3VJ782,NETWORK INT GS SWAP,GBP,4.094,186005.0,2020-08-02
VN000000HPG4,HOA PHAT GROUP JSC,VND,23275.0,5.0,2019-08-08
XS1987708333,OLD MUTUAL SB PNOTE,USD,0.529025,73576.0,2019-09-02
ES0105375002,AMREST HOLDINGS SE,PLN,24.8,131082.0,2020-04-13
US4642872349,ISHARES EM GS SWAP,USD,48.085,-44659.0,2020-11-08
SA0007879154,SAUDI CERAMIC CO,SAR,24.24,174946.0,2020-04-21
US66981G2075,AB IGNITIS GRUPE GDR,EUR,19.65,5576.0,2020-11-30
LU1642887738,PLAY COMMUNICATIONS,PLN,29.22,185734.0,2020-06-08
QA0006929853,QIB GS SWAP,USD,4.417894,-144452.0,2020-10-28
CZ0008040318,MONETA MONEY BANK,CZK,65.2,31195.0,2020-11-22
LT0000115768,AB IGNITIS GRUPE,EUR,20.175,6500.0,2020-12-07
QA0006929879,QIIB ML SWAP,USD,2.517136,-195625.0,2020-12-06
QA000A0Q5NE9,VODAFONE QTR GS SWAP,USD,2.359148,-535756.0,2018-10-14
SA0007879089,SAUDI BRIT GS SWAP,USD,6.670576,150829.0,2021-01-10
BRWESTACNOR3,WESTWING,BRL,11.285,262500.0,2021-02-17
US44853H1086,HUUUGE INC,PLN,37.3375,28348.0,2021-03-07
PLOPTTC00011,CD PROJ HSBC SWAP EU,EUR,39.706468,-994.0,2021-06-17
US81141R1005,SEA LTD ADR,USD,206.3,3526.0,2021-03-08
US23292E1082,DIDI GLOBAL INC,USD,14.275,8000.0,2021-06-30
VN0FUEVFVND5,VFMVN DIAMOND ETF,VND,25781.46,581298.0,2021-07-01
PLDINPL00011,DINO EUR GS SWAP,EUR,63.525757,19818.0,2021-07-05
US98459U1034,YALLA GROUP LTD CFD GOLDMAN,USD,7.66,-20272.0,2021-09-26
US50218G2066,LSR GDR GS SWAP,USD,2.679,-13121.0,2014-03-05
RU000A0DQZE3,SISTEMA,USD,1.031322,266032.0,2014-05-06
GB00B81PHH50,AL RAJHI GS PNOTE,USD,19.898673,6361.0,2014-03-23
US6074091090,MBT ADR GS SWAP,USD,16.645,-15349.0,2014-05-06
US55953Q2021,MAGNIT GDR GS SWAP,USD,48.675,-12839.0,2014-05-06
AT0000641352,CA IMMO ANLAGEN,EUR,15.6125,24741.0,2014-12-01
JE00B55Q3P39,GENEL ENERGY PLC,GBP,6.08,4140.0,2014-12-15
AT0000A11806,BT TURBO (RAIF) RON,RON,0.36,788059.0,2014-12-22
FR0004188670,TARKETT SA,EUR,27.95,1139.0,2013-12-11
LK009A22GAQ5,JK DB PNOTE WTS 1,USD,0.480777,662.0,2013-12-17
AT0000A153T9,RAIFFEISEN CLAWBACK,EUR,28.5,606.0,2014-02-09
ROBRDBACNOR2,BRD RO RAIF SWAP,RON,9.7775,-116798.0,2015-03-04
GRS015013006,ALPHA BANK GS SWAP,EUR,0.6845,-594904.0,2014-07-01
XS0980139116,SEMBCORP HSBC PNOTE,USD,6.117837,37866.0,2015-04-08
KYG618201092,MODERN DENTAL GROUP,HKD,4.525,550000.0,2015-12-17
USL6366MAB92,MHP 10.25% 2015,USD,98.0,100000.0,2015-04-28
DE000DE3BSH9,SAUDI TEL DB PNOTE,USD,16.4978,26237.0,2016-04-13
DE000DB9KGV6,JOHN KEELLS DB PNOTE,USD,1.071209,10740.0,2016-05-08
XS1239091868,CATERING HSBC PNOTE,USD,30.765436,1789.0,2015-11-10
XS1196741828,MOUWASAT HSBC PNOTE,USD,33.730687,10350.0,2016-01-03
KYG6382M1096,NAGACORP GS SWAP USD,USD,0.707049,-624000.0,2016-08-31
VGG7762V1076,SABLE MINING AFRICA,GBP,0.00815,1578125.0,2015-06-16
XS0953579546,AL KALEEJ HSBC PNOTE,USD,8.716165,7519.0,2015-12-13
PLPGNIG00014,PGNIG GS SWAP,USD,1.252124,-305049.0,2016-01-04
ROCOTEACNOR7,CONPET.GS SWAP,EUR,15.700661,8903.0,2016-06-15
CA46581Q1028,IVANHOE MINES B SHS,CAD,0.635,22572.0,2016-02-01
CA46579R1047,IVANHOE MINES ORD SH,CAD,0.655,22572.0,2016-02-21
EE3100004466,TALLINK,EUR,0.925,53108.0,2016-03-22
XS0652911420,GEORGIAN OIL 6.875%,USD,100.999,300000.0,2016-12-12
US28106T2096,EDITA GDR GS SWAP,USD,4.275,-8373.0,2017-01-03
CWN5645F1192,ARAMEX ML FFSWAP,USD,1.364063,997455.0,2017-03-23
US50042R2040,KOLAO GDR,USD,2.58345,2.0,2017-08-06
PK0066203065,MAPLE LEAF RIGHTS,PKR,72.75,124125.0,2017-11-16
PK0085101019,HABIB BANK LTD,PKR,160.93,287200.0,2017-11-29
CWN5647G5869,ARAMEX ML WRNT,USD,1.187041,261617.0,2018-01-09
PLXTRDM00011,X-TRADE BROKERS,PLN,11.5,65333.0,2016-05-05
EGT998015I19,EGP T BILL GS FFSWAP,USD,5.66003,152600000.0,2018-05-02
US71646J1097,PETROBRAS ARG ADR,USD,11.33,435214.0,2018-05-21
XS0332046043,IMMFNZ 1.25 RESTRICT,EUR,127.4745,400000.0,2017-11-22
CWN564931046,HUMANSOFT ML WRNT,USD,11.215618,67346.0,2018-05-29
NGNESTLE0006,NESTLE NIG GS SWAP,USD,3.954427,-100541.0,2018-06-03
PK0096501017,ENGRO FOODS LTD,PKR,167.33,704900.0,2016-12-15
GB00B759CR16,BOG GS SWAP,GBP,19.103,-1019.0,2018-06-27
TREMAVI00037,MAVI GIYIM SANAYI,TRY,29.81,333314.0,2018-09-13
XS0559140875,MRIYA 10.95% 30/3/16,USD,7.457,500000.0,2017-02-21
ZAE000060000,MERAFE RESOURCES LTD,ZAR,1.365,200000.0,2017-05-31
AED000201031,DIB GS SWAP RIGHTS,USD,0.461476,-512100.0,2018-05-20
PK0022501016,PAKISTAN STATE OIL,PKR,384.71,190400.0,2017-07-19
US1550382014,CENTRAL PUERTO ADR,USD,9.755,72713.0,2018-07-02
US48666V2043,KAZMUNAIGAS GDR,USD,11.45,167962.0,2017-11-15
SA000A0LB2R6,ALHOKAIR HSBC SWAP,USD,6.932964,-112130.0,2019-04-23
PK0018101011,KOHINOOR TEXTILE,PKR,52.0,139542.0,2018-08-02
ROELECACNOR5,ELECTRICA SA,RON,11.58,114223.0,2018-03-05
PK0056201012,PIONEER CEMENT,PKR,69.93,134500.0,2018-03-28
EGS512O1C012,IBNSINA PHARMA SAE,EGP,10.365,98092.0,2019-09-15
CWN5647Q7095,JARIR ML WRNT,USD,46.608983,60828.0,2018-05-28
GB00BJ7HMW26,FINABLR PLC,GBP,0.04421,55334.0,2020-03-12
AEA000801018,ABU DH ISL HSBC SWAP,USD,0.888919,1434618.0,2020-04-08
CNE100004272,NONGFU SPRING CO LTD,HKD,21.5,18000.0,2020-09-07
BRGMATACNOR7,GRUPO MATEUS S.A.,BRL,8.275,160000.0,2020-10-19
US40054A1088,SUPERVIELLE ADR,USD,19.245,64513.0,2018-06-05
GB00BF4HYV08,GEORGIA CAPITAL,GBP,10.672,4354.0,2018-06-13
US912796SR11,US TBILL 21/05/20 GS,USD,99.9225,-26000000.0,2020-03-09
US4642861458,ISHRS FM GS SWAP USD,USD,26.4,-11084.0,2020-11-01
ARTRAN010011,TRANSENER SA,ARS,50.85,85546.0,2018-09-19
KYG5074A1004,JD HEALTH INT,HKD,70.58,3887.0,2020-12-07
LK0078N00002,HATTON NATIONAL BANK,LKR,139.25,80358.0,2021-01-21
VN000000BID9,BID VN HSBC SWAP USD,USD,1.841974,-171000.0,2021-01-26
THA099010011,PTT OIL & RETAIL,THB,29.0,1772426.0,2021-02-14
THA078010016,KERRY EXPRESS FORIGN,THB,51.5,982100.0,2020-12-27
ID1000128804,SARANA MENARA,IDR,962.5,11372800.0,2021-01-11
THA271010011,NGERN TID LOR PLC,THB,44.0,1718237.0,2021-05-12
KW0EQ0100028,GULF BANK (OLD),KWD,0.312,210975.0,2019-05-05
TH0068010Z15,TMB BANK FOREIGN,THB,1.07,9000000.0,2021-01-12
EGS69101C011,EFG HERMES,EGP,15.645,114665.0,2021-01-17
XS2332809412,VHM 2026 EB 3%,USD,105.4565,1200000.0,2021-04-21
CY0109561015,PHOENIX VEGA MEZ,EUR,0.03995,958787.0,2021-08-15
MYQ0138OO006,MY EG SERVICES BHD,MYR,1.855,1547200.0,2021-01-18
VN000000SAB4,SAIGON BEER CORP,VND,147000.0,31300.0,2021-08-19
GB00BN44P254,BALTIC CLASSIFIEDS,GBP,2.192,111991.0,2021-08-03
ID1000118201,BANK RAKYAT INDONESI CFD HSBC,USD,0.312554,-2619171.0,2021-10-20
SA15C2IKKO13,BURGERIZZR,SAR,214.4,5000.0,2021-09-08
GB00BD20C246,BACANORA LITHIUM PLC,GBP,0.663,3178036.0,2021-09-09
MA0000011801,LABEL VIE (HYPER),MAD,4709.0,3693.0,2021-12-02
AEE001501015,EMAAR MALLS PJSC,AED,2.6112,5437767.0,2021-11-19
PLGTC0000169,GTC RIGHTS,PLN,6.785,98498.0,2014-03-13
AU000000CFE0,CAPE LAMBERT RESOURC,AUD,0.1125,45655.0,2014-02-11
RU000A0JPFP0,LSR GROUP LOCALS,USD,13.254801,3458.0,2014-03-05
AT00BUWOG001,BUWOG AG,EUR,13.605,3101.0,2014-05-04
TG0000000132,ECOBANK TRANSNAT,NGN,17.5,2921043.0,2014-11-30
AT0000A18WD5,BRD RO TURBO RAIF,RON,9.98,182996.0,2014-12-22
ROTSELACNOR9,TRANSELECTRICA,RON,28.175,37622.0,2015-04-14
US87260R2013,TMK GDR GS SWAP,USD,11.255,-253.0,2013-11-17
RU000A0JKQU8,MAGNIT LOCAL,USD,207.114931,3104.0,2014-05-06
VGG0697K1066,ATLAS GS USD SWAP,USD,4.555,-87303.0,2015-09-21
US23568T2015,DAMAC GDR,USD,17.4,53851.0,2015-01-11
NGWAPCO00002,LAFARGE AFRICA,NGN,96.0,507345.0,2015-05-07
DE000DB3N7S5,ASHOKA DB PNOTE,USD,2.483721,73841.0,2015-06-17
EGS673Y1C015,EMAAR MISR DEV,EGP,3.75,562764.0,2015-07-05
KYG9361F1037,VIETNAM GROWTH FUND,USD,19.25,10218.0,2016-01-04
EGS3C181C012,SUEZ CEMENT CO,EGP,33.38,49979.0,2015-07-14
MYA004433001,STEPPE CEMENT,GBP,0.175,462108.0,2015-09-08
EGS3G0Z1C014,ELSEWEDY CABLES,EGP,33.05,36470.0,2015-12-01
XS0973930448,AL KHALEEJ CS PNOTE,USD,9.310069,36324.0,2016-01-03
XS1494008003,TELENOR EX BOND 2019,USD,106.02,400000.0,2016-12-07
AT0000818802,DO & CO REST (EUR),EUR,57.785,4341.0,2016-12-13
XS0783935561,BK GEORGIA 7.75 2017,USD,102.75,1200000.0,2016-08-04
VGG572791041,LUXOFT HOLDING INC,USD,51.245,6901.0,2016-09-29
ZAE000015889,NASPERS N,ZAR,2171.905,9060.0,2017-01-15
XS1891203462,BUPA ARAB HSBC PNOTE,USD,33.678653,22895.0,2017-07-19
LU0584671464,ADECOAGRO SA,USD,9.985,62361.0,2017-07-19
TRATCELL91M1,TURKCELL,TRY,12.065,134066.0,2017-09-21
PK0081901016,UNITED BANK LTD,PKR,191.0,334600.0,2017-10-16
LU0328476410,DBX FRONTIER ML SWAP,USD,14.925,-23397.0,2017-10-29
US6565674016,NORTEL INVERSORA ADR,USD,50.99,27596.0,2017-12-18
PK0074501013,FAUJI CEMENT,PKR,26.86,241900.0,2017-12-04
XS0997708051,KAZ ENG 4.55% 12/16,USD,99.779,200000.0,2016-12-05
NGNB00000005,NIGERIA BREW GS SWAP,USD,0.35521,-1172356.0,2018-02-20
PHY1244L1009,CEMEX PHILIPPINES,PHP,11.5,1285100.0,2016-12-19
TREMLPC00021,MEDICAL PARK TURKEY,TRY,8.685,18399.0,2018-09-12
KE0000000216,EAST AFRICAN BREW,KES,229.5,52300.0,2017-04-06
PK0008901016,SUI NORTHERN GAS,PKR,97.99,973000.0,2018-06-03
ROTGNTACNOR8,TRANSGAZ SA,RON,388.5,13028.0,2017-11-09
NL0012235980,GRIFFIN PREMIUM,PLN,4.95,3025921.0,2019-01-27
XS1587902385,SAUDI BRT HSBC PNOTE,USD,8.775671,231569.0,2018-12-26
XS1977075859,SB ZIM CLN 0% 2019,USD,83.56,97761.0,2019-04-29
AEU000401015,UNION NATIONAL BANK,AED,5.845,2563576.0,2019-04-30
SA0007879071,ALAWWAL BANK,SAR,19.41,2244864.0,2019-06-16
US12687E1047,CABLEVISION ADR,USD,25.626877,41904.0,2018-02-28
DE000DL54UY1,ALTAYYAR DB PNOTE,USD,6.199587,210723.0,2018-09-30
MA0000011488,MAROC TELECOM,MAD,140.6,70316.0,2019-07-16
GB00BJ7HMW26,FINABLR GS SWAP USD,USD,0.055565,4493.0,2020-03-12
IM00B3SXFX94,ORIGO PART CONV PRF,USD,0.285,343928.0,2018-04-30
QA0006929770,DOHA BANK GS SWAP,USD,0.690785,-1884488.0,2019-11-06
AEA000801018,ABU DH ISL BANK,AED,3.265,170591.0,2020-04-08
US8938702045,TGS TRANSPORTADOR,USD,16.705,44513.0,2018-05-30
ARBYMA300018,BOLSAS Y MERCADOS,ARS,344.0,26628.0,2018-07-01
AEE000801028,EMIRA GS SWAP RIGHTS,USD,0.781399,80000.0,2019-11-26
US912796SR11,US TBILL 21/5/20 BNY,USD,99.9225,26000000.0,2020-03-09
VN000000VCI9,VIET CAPITAL SEC,VND,41300.0,125952.0,2020-11-11
RU000A0JSQ90,DETSKY GS SWAP USD,USD,1.584819,221060.0,2020-11-16
PLTLKPL00017,ORAN POL GS SWAP EUR,EUR,1.43065,-399591.0,2020-05-25
AEDFXA0M6V00,DP WLD HSBC SWAP USD,USD,15.6,114179.0,2020-04-26
TH3740010Y17,VGI PUBLIC FOREIGN,THB,6.75,4000000.0,2020-11-16
SA0007879121,SABIC HSBC SWAP USD,USD,27.098682,-19072.0,2020-12-29
RU000A0JPGA0,M VIDEO,USD,8.501229,216200.0,2021-07-01
KYG532631028,KUAISHOU TECH B,HKD,265.0,5227.0,2021-02-04
AED001301012,DAMAC LOCAL GS SWAP,USD,0.266002,-1791801.0,2019-08-04
EGS74191C015,RAYA CONTACT,EGP,4.765,1741137.0,2020-03-18
KYG0705A1085,BAIRONG INC CFD HSBC,HKD,13.26,70000.0,2021-10-18
EGS381B1C015,TENTH OF RAMADAN,EGP,2.094,10282508.0,2021-11-10
TRATHYAO91M5,TURK AIR GS USD SWAP,USD,1.499039,-461559.0,2020-08-30
AEE01134E227,EMIRATES CENTRAL C,AED,1.36,1232484.0,2022-12-13
CNE1000044N1,ANT GROUP LTD,HKD,80.0,44786.0,2020-11-02
SA000A0DPSH3,CO FOR COOPERATIVE CFD GOLDMAN,USD,20.870539,-18750.0,2022-02-01
SA000A0DPSH3,CO FOR COOPERATIVE CFD HSBC,USD,20.870539,-66320.0,2022-02-01
JE00BN574F90,WIZZ AIR GS SWAP GBP,GBP,42.79,-19307.0,2021-01-24
QA000VSUG130,MESAIEED GS SWAP,USD,0.534816,-364658.0,2021-03-10
MYL5306OO005,FARM FRESH BHD,MYR,1.68,5922200.0,2022-03-28
CA1348082035,CANACOL ENERGY LTD,COP,9360.0,53377.0,2022-06-01
ID1000106206,MEDIA NUSANTARA,IDR,605.0,3552005.0,2023-05-16
AEA006101017,ABU DHABI NATIONAL O CFD GOLDMAN,USD,1.118961,-242724.0,2022-02-20
PLGRPRC00015,GRUPA PRACUJ SA,PLN,44.05,31022.0,2023-01-09
SA15LGLI0N19,RIYADH CABLES GROU,SAR,54.0,4374.0,2023-05-05
CLP3064M1019,SUDAMERICANA VAPOR,CLP,57.18,10758011.0,2023-05-22
EGS729J1C018,CLEOPATRA HOSPITAL,EGP,4.9,8584865.0,2021-12-24
GB00BMXLQJ47,HORIZONTE MINERALS,GBP,0.1675,418242.0,2023-11-01
SA154HG210H6,BINDAWOOD HLDG,SAR,6.69,215606.0,2024-09-10
SA160G52C1H3,ETIHAD ATHEEB TELE,SAR,91.8,100000.0,2024-02-23
VNMIRGMD2410,GEMADEPT CORP,VND,11666.666667,781360.0,2024-11-25
US23292B1044,D MARKET ELECTRONIC ADS,USD,2.34,53333.0,2021-12-02
ID1000125107,KALBE FARMA,IDR,1640.0,2226314.0,2022-03-06
US62919Q1022,NMC HEALTH ADR,USD,1e-06,94599.0,2020-05-05
AEE01081T004,TECOM GROUP PJSC,AED,2.67,783338.0,2022-07-04
NL00150006R6,CTP N.V,EUR,10.5,1323.0,2022-09-28
DE000DL549N2,MOBILE WORL DB PNOTE,USD,4.098707,246991.0,2020-07-29
CY0200252118,GALAXY COSMOS MEZZ,EUR,0.29,121314.0,2022-10-30
VN000000VCB4,BANK FOR FOREIGN TRA CFD HSBC,USD,3.720705,62127.0,2022-03-02
PLCCC0000016,CCC SA,PLN,48.45,100000.0,2023-05-16
TRAGARAN91N1,TURK GAR GS SWAP TRY,TRY,8.855,969537.0,2021-03-21
EGS48031C016,TELECOM EGYPT,EGP,13.29,188994.0,2022-07-05
GRV000008NW2,PIRAE GSFTSWAP 06/21,EUR,1.39,-741.0,2021-05-06
TRVXIST02A76,ISE30 JUN21 GSFTSWAP,TRY,1524.875,-324.0,2021-05-31
ID1000188006,TRIMEGAH BANGUN,IDR,925.0,9530197.0,2023-08-02
TH0168A10Z19,BUMRUNGRAD HOPTL,THB,194.5,345868.0,2022-08-21
SA15CIBJGH12,ARABIAN INTERNET CFD HSBC,USD,54.542546,13900.0,2022-03-27
US3563901046,FREEDOM HOLDING CORP CFD HSBC,USD,97.75,-15000.0,2023-08-29
SA15DHKGHBH4,SAUDI TADAWUL GROUP CFD HSBC,USD,47.068209,2749.0,2022-12-26
SA000A0HNGZ6,ALDREES PETROLEUM,SAR,118.4,54157.0,2023-11-21
ZAE000255915,ABSA GROUP LTD,ZAR,180.43,20435.0,2022-09-04
GRS003003035,NATL BK OF GREECE,EUR,6.45,10892.0,2024-01-07
GRV000008LD6,ALPHA HSBC EURFTSWAP,EUR,1.125,-596.0,2021-06-16
IS0000028538,ISLANDSBANKI HF,ISK,79.0,119155.0,2021-06-22
BRAMBPACNOR6,AMBIPAR PARTICIPACOE CFD GOLDMAN,USD,8.3471,-215200.0,2021-10-10
EGS743O1C013,E-FINANCE FOR DIGI,EGP,13.98,1742668.0,2021-10-19
PLTSQGM00016,TEN SQUARE GAMES,PLN,341.4,4706.0,2021-11-02
LK0092N00003,KEELLS(JOHN)HLDGS,LKR,137.5,515378.0,2023-02-21
SA562G5H0I13,MIAHONA CO,SAR,14.94,19570.0,2024-06-09
SA15QH00SKH0,AL MAWARID MANPOWE,SAR,109.6,-6539.0,2023-07-03
SA15H14I11H6,AL-DAWAA MEDICAL S,SAR,74.3,17287.0,2022-03-18
SA15HG521213,AL NAHDI MEDICAL C,SAR,158.2,40647.0,2022-03-28
KYG9808A1058,WUXI XDC CAYMAN,HKD,20.6,12262.0,2023-11-16
OM0000009072,OQ GAS NETWORK,OMR,0.14,697949.0,2023-10-24
SA15D1I1VJH7,ARABIAN CONTRACTIN,SAR,181.8,17658.0,2023-11-28
PHY1249R1024,CENTURY PACIFIC FO,PHP,39.45,2523671.0,2024-10-15
AEE01356D236,DUBAI TAXI COMPANY,AED,2.2,156967.0,2024-02-29
SA0007879162,SAVOLA GROUP,SAR,37.8,53832.0,2025-01-24
THA848010015,THAI LIFE INSURANCE,THB,16.0,3506619.0,2022-07-24
SA15JH2H3L19,NAQI WATER COMPANY,SAR,69.0,18147.0,2022-08-14
TRAYKBNK91N6,YAPI VE KREDI BANK,TRY,29.7,1710552.0,2025-03-19
BMG9460G1015,VALARIS LIMITED,USD,48.51,4671.0,2024-10-29
PHY077751022,BDO UNIBANK INC,PHP,144.5,119760.0,2025-02-04
US34460G1067,SC FONDUL PROPRIET GDR,USD,21.6,24524.0,2023-06-04
CNE100006WS8,CONTEMPORARY AMPER,HKD,377.4,41724.0,2025-07-13
SA000A0MQCJ2,SAUDI KAYAN PETROCHE CFD GOLDMAN,USD,3.421992,-377687.0,2023-07-17
CNE1000070H8,NANJING LEADS BIOL,HKD,35.0,101270.0,2025-07-24
VNMIRNLG2518,NAM LONG INVESTMEN,VND,2938.0,2003500.0,2025-11-19
SA1690F1VQ15,DERAYAH FINANCIAL,SAR,39.0,19657.0,2025-03-10
AEE01135A222,AMERICANA REST INT CFD HSBC,USD,1.124452,-736479.0,2023-08-07
PH0000061442,MAYNILAD WATER,PHP,16.2,94.0,2025-12-14
AU000000BMN9,BANNERMAN,AUD,3.55,109823.0,2025-12-23
TRAAKBNK91N6,AKBANK,TRY,69.8,564047.0,2026-01-01
QA0007227737,OOREDOO,QAR,13.5,116924.0,2026-01-14
JE00BF50RG45,YELLOW CAKE PLC,GBP,6.795,85287.0,2026-01-25
NL0015073TP4,PICS N.V.,USD,18.0,18682.0,2026-02-01
SA0007879113,AL RAJHI BANK,SAR,97.55,35647.0,2026-03-01
CNE100000296,BYD CO 'H'SHS CNY1 CFD GOLDMAN,HKD,96.95,64700.0,2026-03-10
VN000000VNM8,VIETNAM DAIRY PROD,VND,61300.0,115100.0,2026-04-01
GRS298343005,HELLENIC PETROLEUM,EUR,10.3,51871.0,2026-05-31
INE530B01024,IIFL FINANCE LTD,INR,466.9,824264.0,2026-05-31
KYG070341048,BAIDU INC,HKD,130.0,122800.0,2026-05-31
SA15L0N10HH3,THE POWER & WATER,SAR,61.4,73766.0,2023-09-25
US84265V1052,SOUTHERN COPPER CORP CFD GOLDMAN,USD,71.84,-1537.0,2023-11-28
CA85207H1047,SPROTT PHYSICAL GOLD CFD GOLDMAN,USD,34.42,-87181.0,2026-05-31
GRS830003000,ALPHA BANK S.A.,EUR,3.91,1256114.0,2026-05-31
SA16CI8KMOH3,JAMJOOM FASHION TR,SAR,106.1,108934.0,2026-05-31
MXCFFM010000,FIBRA MTY SAPI DE CV CFD GOLDMAN,USD,0.820601,-3966301.0,2026-05-31
CNE100007DY4,SHENZHEN WOER HEAT,HKD,15.29,229223.0,2026-05-31
BE0974338700,TITAN CEMENT INTL,EUR,40.7,4518.0,2025-05-12
AEE000801010,EMIRATES NBD PJSC,AED,17.45,280173.0,2024-01-21
HK0001200002,ZIJIN GOLD INTERNA,HKD,140.2,93773.0,2025-11-12
US05606L1008,BYD CO LTD-UNSPONSOR CFD GOLDMAN,USD,13.65,-1200.0,2025-09-01
GRS014003032,PIRAEUS FINANCIAL,EUR,7.162957,1617558.0,2025-12-18
KE1000001402,SAFARICOM PLC,KES,29.15,1091564.0,2026-01-08
CNE100007HD9,SHENZHEN ZHAOWEI M,HKD,73.0,12087.0,2026-03-09
THD365010012,MR. D.I.Y. HOLDING,THB,8.55,676500.0,2025-11-18
CNE100007LD1,METIS TECHBIO  CO,HKD,10.5,1090.0,2026-05-12
US63654D1164,NATIONAL INVES &RECO ADR,USD,25.125005,21191.0,2026-05-18
AEE001901017,EMAAR DEVELOPMENT,AED,14.44,646316.0,2026-05-31
GB00BJVWTM27,GULF MARINE SERVIC,GBP,0.196,3124024.0,2026-05-31
TH0765010R16,AIRPORTS OF THAILAND CFD GOLDMAN,USD,1.697649,-1075000.0,2026-05-31
DE0007030009,RHEINMETALL AG CFD HSBC,EUR,1291.4,-462.0,2026-05-31
SA562GSHUOH7,DR. SOLIMAN ABDEL,SAR,57.5,37676.0,2024-06-04
DE000DM099Y4,FPT CORP DB PNOTE,USD,2.332629,717523.0,2019-08-01
SA159GK22IH4,THEEB RENT A CAR CO,SAR,52.05,43005.0,2021-03-29
SA0007879097,SAMBA HSBC SWAP USD,USD,10.305842,375988.0,2021-03-31
DE000DS0VCB4,TECHCOM BK DB PNOTE,USD,1.008303,37130.0,2019-08-18
KW0EQ0660005,JAZEERA RIGHTS,KWD,0.136,82833.0,2021-07-05
AEA007501017,AL YAH SATELLITE COM CFD HSBC,USD,0.765032,416225.0,2021-11-16
AT0000A296B4,OMV TURBO EURO RAIF,EUR,0.077,5000000.0,2019-10-15
US1912411089,CC FEMSA ADR,USD,57.955,8940.0,2019-11-18
GB00BJVQC708,HELIOS TOWERS PLC,GBP,1.682,201441.0,2021-08-11
US91822M1062,VEON LTD,USD,2.455,1145853.0,2019-11-24
ID3000056407,BK RAKYAT IND RIGHTS CFD HSBC,USD,0.002666,-6249071.0,2021-09-27
BRIFCMACNOR8,INFRACOMMERCE CXAA,BRL,16.8,154020.0,2021-12-26
THA271010003,NGERN TID LOR PCL CFD GOLDMAN,USD,1.056076,-1028770.0,2021-12-20
NL0013654783,PROSUS GS SWAP EUR,EUR,81.9,13837.0,2020-10-15
KYG7170M1033,POP MART INTERNATION,HKD,38.5,5000.0,2020-12-10
SA122050HV19,ALINMA BANK,SAR,29.45,207752.0,2023-03-31
AEA003001012,AIR ARABIA PJSC CFD GOLDMAN,USD,0.449218,451523.0,2022-03-14
SG1T74931364,YOMA STRATEGIC HLDGS,SGD,0.1845,1155048.0,2021-02-08
KW0EQ0609648,ALI ALGHANIM AUTO,KWD,0.793,320574.0,2022-06-06
BREMBRACNOR4,EMBRAER CFD GOLDMAN,USD,4.0966,395832.0,2023-04-11
PLWRTPL00027,WIRTUALNA POLSKA,PLN,113.2,8013.0,2023-05-09
BRELMDACNOR3,ELECTROMIDIA,BRL,14.895,78800.0,2021-03-23
VN000000VIC9,VINGROUP HSBC SWAP,USD,5.727111,-544880.0,2021-04-12
KW0EQ0601694,HUMAN SOFT HOLDING,KWD,3.128,134207.0,2023-12-25
GRS536003007,ATHENS INT AIRPORT,EUR,9.17,61291.0,2024-02-11
MYL5301OO006,CTOS DIGITAL BHD,MYR,1.1,100000.0,2021-07-18
US8765685024,TATA MOTORS LTD CFD HSBC,USD,27.61,-32600.0,2022-09-15
AEE01370P249,PARKIN COMPANY PJS,AED,2.1,557172.0,2024-03-20
PLSHPR000021,SHOPER SA,PLN,71.0,28399.0,2021-10-19
THA504010002,THE ONE ENTERPRISE,THB,9.4,150000.0,2021-11-10
ROFPTAACNOR5,SC FONDUL PROPRIET,RON,1.898,977967.0,2023-07-06
INE0LCL01028,AVALON TECHNOL,INR,611.9,137615.0,2023-07-10
US83418T1088,CIAN PLC,USD,16.4,128591.0,2021-12-02
CL0000000423,LATAM AIRLINES GROUP CFD HSBC,USD,0.012609,-100000000.0,2024-07-25
ZAE000042164,MTN GRP LTD CFD CFD GOLDMAN,USD,6.858656,-233797.0,2023-08-13
RO4Q0Z5RO1B6,HIDROELECTRICA,RON,119.7,5499.0,2023-09-26
TH0671010Z16,MAJOR CINEPLEX GRO,THB,15.2,1283927.0,2023-08-09
MYL5296OO008,MR D.I.Y. GROUP (M,MYR,1.51,363700.0,2023-10-04
MXCFFI170008,PROLOGIS PROPERTY MEXICO,MXN,63.44,1.0,2024-09-04
MX01LA010006,GENOMMA LAB INT CFD GOLDMAN,USD,0.732526,-342769.0,2024-02-21
SA0007879543,SAUDI TELECOM CO CFD GOLDMAN,USD,27.991789,62500.0,2022-05-18
ROMEDLACNOR6,MED LIFE S.A,RON,3.87,32996.0,2024-03-31
US50202M1027,LI AUTO INC ADR,USD,28.72,49756.0,2025-03-13
AEE01657D252,DUBAI RESIDENTIAL,AED,1.1,1989727.0,2025-05-27
CNE100006Z53,FOSHAN HAITIAN FLA,HKD,36.3,4475.0,2025-06-18
IE00BDC5DG00,KENMARE RESOURCES,GBP,3.14,57668.0,2025-06-25
SA139051UIH0,NATIONAL MEDICAL C,SAR,162.2,29355.0,2024-11-20
SA1661VHUP11,ALMOOSA HEALTH CO,SAR,159.7,5274.0,2025-07-06
KW0EQ0100010,NATIONAL BANK OF KUW CFD GOLDMAN,USD,3.339825,-224345.0,2025-03-12
KR7440110005,FADU INC,KRW,41900.0,3319.0,2023-08-21
CNE100007FF8,SHENZHEN HAN S CNC,CNY,95.8,5635.0,2026-02-05
COD38PA00046,CEMENTOS ARGOS SA,COP,10660.0,705892.0,2025-05-07
SA162GIK1SH5,RASAN INFORMATION,SAR,128.4,14859.0,2026-03-03
AU000000AEE7,AURA ENERGY LTD,AUD,0.115,3604993.0,2026-03-30
MX01AL0C0004,ALPEK SAB,MXN,12.44,1670170.0,2026-05-31
VN000000GMD0,GEMADEPT CORP,VND,72300.0,1097613.0,2026-05-31
QA000PK2KD10,MEEZA QSTP LLC,QAR,3.39,1964410.0,2026-05-31
ZAE000259479,PEPKOR HOLDINGS,ZAR,27.0,621145.0,2025-07-24
US05961W1053,BANCO MACRO SA ADR,USD,57.43,5666.0,2025-08-27
CY0107600716,PURCARI WINERIES,RON,20.9,858512.0,2025-07-31
CNE100007DD8,SHANGHAI BIREN TEC,CNY,18.3,52307.0,2026-01-01
CNE100007DZ1,BUSY MING GROUP CO,HKD,236.6,400.0,2026-01-27
CNE100007JX3,SIGENERGY TECH CO,CNY,287.428894,5828.0,2026-04-15
KR7042520007,HANS BIOMED CORPOR,KRW,23250.0,29190.0,2026-05-07
ID1000095003,BANK MANDIRI (PERS,IDR,4080.0,3325318.0,2026-05-31
AEA007301012,ADNOC DRILLING CO,AED,4.0,222260.0,2024-06-02
KYG020141019,AK MEDICAL HLDGS L,HKD,5.85,3166676.0,2026-05-31
COTK7PA00028,GRUPO CIBEST SA PRF,COP,62000.0,178304.0,2026-05-31
COTK7PA00010,GRUPO CIBEST SA CFD GOLDMAN,USD,20.743773,-129630.0,2026-05-31
COTK7PA00010,GRUPO CIBEST SA CFD HSBC,USD,20.743773,-8370.0,2026-05-31
AEE01710A255,ALEC HOLDINGS PJSC,AED,1.47,3756685.0,2026-05-31
DE000HAG0005,HENSOLDT AG CFD HSBC,EUR,87.78,-9771.0,2026-05-31
INE466L01038,360 ONE WAM LTD,INR,1183.2,100739.0,2025-11-30
CNE100001T72,YANGTZE OPTICAL FI,HKD,38.38,170000.0,2025-12-16
US48241A1051,KB FINANCIAL ADR CFD GOLDMAN,USD,58.76,-6839.0,2024-12-10
LU2791994721,AUNA S A,USD,4.8,21194.0,2026-02-09
CA01921D2041,ALLIED GOLD CORP,USD,31.41,8706.0,2026-02-26
Z208B2665,CAPITAL TANKERS CORP,NOK,134.0,11754.0,2026-03-08
SA1660HI1GH4,NICE ONE BEAUTY DI,SAR,54.3,46736.0,2025-01-14
MHY1096C1093,CAPITAL TANKERS CO,NOK,132.04,5877.0,2026-04-20
SA15GG53GHH3,ELM CO CFD GOLDMAN,USD,175.263228,-4598.0,2026-05-08
PHY7318T1017,ROBINSONS RETAIL H,PHP,48.2,755440.0,2026-05-19
GRS533003000,OPTIMA BANK S.A.,EUR,12.74,6114.0,2025-01-16
GG00BMG42V42,SUPER GROUP (SGHC),USD,5.99,87928.0,2025-04-06
BRSMFTACNOR1,SMARTFIT ESCOLA SA,BRL,20.81,76375.0,2021-11-02
SA15DGH1VOH4,NAYIFAT FINANCE CO,SAR,34.008487,173186.0,2021-11-21
QA000A0M6MD5,AL KHALIJ COMMERCIAL CFD GOLDMAN,USD,0.68511,2782202.0,2021-12-01
SGXE54866863,AZTECH GLOBAL LTD,SGD,0.905,354020.0,2022-03-24
ID1000130305,INDUSTRI JAMU & FA,IDR,940.0,4327451.0,2022-04-07
KYG4701H1092,IHS HOLDING LIMITED,USD,13.02,24326.0,2021-12-16
SA1210540914,BUPA ARABIA FOR COOP CFD GOLDMAN,USD,34.688549,-36895.0,2022-01-09
SA1330R2TQ16,SAUDI AIRLINES CATER CFD GOLDMAN,USD,21.925034,-74858.0,2022-01-11
RO52R88LRB29,OMV PETROM CFD RTS CFD HSBC,EUR,0.006678,54179808.0,2022-10-13
AED000201015,DUBAI ISLAM GS SWAP,USD,1.127144,273576.0,2020-10-26
GRS419003009,OPAP SA CFD GOLDMAN,EUR,13.82,39319.0,2023-02-01
EGS75011C014,MM GROUP INDUSTRIA,EGP,2.66,300621.0,2022-06-07
ID1000164205,PT DAYAMITRA TELEK,IDR,645.0,11886811.0,2023-06-11
PLLPP0000011,LPP SA,PLN,8005.0,45.0,2022-03-07
JP3758110005,BEENOS INC CFD HSBC,USD,16.838092,27870.0,2022-04-17
GG00B3Z62522,DORIC NIMROD AIR T PRF,GBP,1.2,-1611856.0,2023-12-20
ZAE000255915,ABSA GROUP LTD CFD GOLDMAN,USD,10.484782,-20435.0,2022-09-04
GB00B7FC0762,NMC HEALTH PLC,GBP,1e-06,94599.0,2023-03-05
VN000000VJC7,VIETJET AVIATION JSC CFD HSBC,USD,4.909004,-98520.0,2022-09-15
ID1000164700,CISARUA MOUNTAIN D,IDR,4340.0,1137066.0,2022-10-17
EGS60121C018,COMMERCIAL INT BANK CFD HSBC,USD,1.341615,-188051.0,2022-10-31
SA55SG6H5716,ADES HOLDING COMPA,SAR,19.78,209426.0,2024-02-28
CY0200222111,SUNRISE MEZZ PLC,EUR,0.0885,1.0,2022-11-07
ID1000142904,BANK SYARIAH INDON,IDR,2540.0,3710709.0,2024-06-27
SA000A0KFKK0,SAHARA INTERNATIONAL CFD HSBC,USD,9.780929,141149.0,2023-07-17
GRS282183003,JUMBO SA,EUR,27.0,2535.0,2024-07-07
INE0JO301016,YATHARTH HOSP TRAUMA CFD GOLDMAN,USD,4.876864,32396.0,2023-11-23
PLBZ00000044,SANTANDER BANK POL,PLN,466.2,3762.0,2024-09-26
SA15T1L22JH8,SAL SAUDI LOGISTIC,SAR,106.0,11084.0,2023-10-31
SA160G51UO10,MIDDLE EAST PHARMA,SAR,138.4,5185.0,2024-02-28
SA14K0Q0SJ16,LEEJAM SPORTS CO JSC CFD GOLDMAN,USD,27.992535,8103.0,2022-05-29
MHY7542C1306,SCORPIO TANKERS INC,USD,41.23,14344.0,2025-02-23
AEE01377S248,SPINNEYS 1961 HOLD,AED,1.58,1474257.0,2024-05-14
SA162GLI0NH7,AL TAISEER GROUP T,SAR,43.0,10522.0,2024-06-12
SA000A0ETHT1,ALMARAI CO,SAR,55.0,18059.0,2025-03-19
MX01BA1D0003,INDS BACHOCO SAB,MXN,80.93,576637.0,2022-10-18
SA000A0BLA62,JARIR MARKETING CFD GOLDMAN,USD,3.663414,-458698.0,2024-04-28
GG00BMWCCD46,DORIC NIMROD AIR T,GBP,1.43,2331756.0,2024-12-15
MA0000012585,AKDITAL,MAD,1105.0,1677.0,2024-09-26
KR7017860008,DS DANSUK CO LTD,KRW,89000.0,483.0,2023-12-20
THB056010010,I-TAIL CORPORATION,THB,22.4,144130.0,2023-04-11
MXP370841019,GPO MEXICO SA,MXN,72.77,23479.0,2023-11-28
QA0007227752,COMM BK OF QATAR,QAR,5.78,389994.0,2023-07-18
AEE01195A234,ADNOC GAS PLC CFD GOLDMAN,USD,0.982861,-500000.0,2025-02-23
AEE000701012,EMIRATE INTEGRATED,AED,10.3,57195.0,2026-02-01
RO249YW1FZP5,ELECTRO-ALFA INTL,RON,8.85,418151.0,2026-03-02
CNE100006XS6,JIANGSU HENGRUI PH,HKD,44.05,76104.0,2025-05-22
CNE100007HC1,DELTON TECHNOLOGY,HKD,71.88,40200.0,2026-03-19
TH6838010010,STAR PETROLEUM PLC,THB,6.85,1282200.0,2026-03-26
CNE100007KJ0,HUAQIN CO LTD,HKD,78.483604,38760.0,2026-04-22
PHY6028G1361,METRO BANK & TRUST,PHP,63.5,1405230.0,2026-05-31
ID1000144108,MAP AKTIF ADIPERKA,IDR,640.0,47841826.0,2026-05-31
US63253R2013,KAZATOMPROM JSC NA GDR,USD,72.3,68099.0,2026-05-31
US44975P1030,NOVABRIDGE BIOSCIENC ADR,USD,1.84,315681.0,2026-05-31
SA16D0820P10,GAS ARABIAN SERVIC,SAR,14.7,459866.0,2026-05-31
INE622W01025,ACME SOLAR HOLDING,INR,253.7,494424.0,2025-06-04
GRS015003007,ALPHA SVCS & HLDGS,EUR,2.99,3298863.0,2025-06-29
VN000000TCX2,TECHCOM SECURITIES,VND,46900.0,202900.0,2025-12-18
KYG4790P1037,INSILICO MEDICINE,HKD,24.05,1698.0,2025-12-29
MA0000011462,RISMA,MAD,351.05,2292.0,2026-02-10
SA169G7I3IH8,UMM AL QURA FOR DE,SAR,16.5,68268.0,2026-03-31
AEE01354I230,INVESTCORP CAP PLC,AED,2.3,1575164.0,2023-11-16
QA000A0M8VM3,MASRAF AL RAYAN CFD GOLDMAN,USD,0.601483,-500000.0,2026-04-27
SA12U0RHUHH8,UNITED ELECTRON CO,SAR,78.8,62447.0,2026-05-31
BH0006000044,ALUMINIUM BAHRAIN,BHD,0.89,1856959.0,2026-05-31
KR7443060009,HD HYUNDAI MARINE,KRW,224000.0,14059.0,2026-05-31
PLKETY000011,GRUPA KETY SA CFD GOLDMAN,EUR,285.818425,-6434.0,2026-05-31
SA0007879345,ALUJAIN CORP,SAR,46.25,73797.0,2023-07-31
BMG6904D1083,PARATUS ENERGY,NOK,57.7,43750.0,2024-07-01
PLSTSHL00012,STS HOLDING SA,PLN,24.05,66655.0,2023-06-21
AU0000454811,LOTUS RESOURCES,AUD,2.22,465116.0,2026-02-11
INE285B01017,SPICEJET LTD,INR,14.31,1152166.0,2026-02-24
KW0EQ0610166,ACTION ENERGY COMP,KWD,0.266,147000.0,2026-03-04
LU2237380790,ALLEGRO.EU,PLN,27.0,228302.0,2026-04-09
TH0612010015,BETAGRO PCL,THB,27.5,182884.0,2023-03-15
CA21922J6043,CORNERSTONE CAPITAL,CAD,3.9,-212815.0,2023-03-05
VN000000PNJ6,PHUNHUAN JEWELRY,VND,65800.0,1518693.0,2026-05-31
BMG7997W1029,SEADRILL 2021 LTD COM,USD,27.54,49199.0,2025-02-26
NL0015000AU7,PEPCO GROUP NV,PLN,33.59,284838.0,2026-05-31
GRS001003052,CREDIABANK S.A,EUR,1.298,4761200.0,2026-05-31
US46429B6065,ISHARES MSCI POLAND CFD GOLDMAN,USD,40.51,-82541.0,2026-05-31
GRS829003003,EUROBANK S.A.,EUR,3.991,458830.0,2026-05-31
NL0015073TS8,CSG N.V.,EUR,17.976,226369.0,2026-05-31
CNE100006Z79,ZHEJIANG SANHUA IN,HKD,22.53,7209.0,2025-06-22
AEN000101016,FIRST ABU DHABI BK,AED,16.5,360938.0,2025-06-25
AEF000901015,FERTIGLOBE PLC,AED,3.35,2278487.0,2026-05-31
PAL1801171A1,INRETAIL PERU CORP,USD,29.7,50221.0,2026-05-31
PH0000058638,OCEANAGOLD (PHILLI,PHP,35.05,5600100.0,2026-05-31
TH0689010Z18,KRUNGTHAI CARD,THB,30.0,2061422.0,2026-05-31
US40054J1097,GRUPO AEROMEXICO SAB ADR,USD,16.96,127930.0,2026-05-31
FDGSCBIHKT,GSCBIHKT CFD GOLDMAN,HKD,87.89,-184894.0,2026-05-31
Z9E17287A,Skyline Builders Cla,USD,5000.0,200.0,2026-05-31
VN000000VPB6,VIETNAM PROSPERITY,VND,21000.0,175684.0,2025-07-14
PLPEKAO00016,BANK PEKAO,PLN,190.4,14616.0,2025-08-24
QA0006929895,QATAR NATIONAL BANK CFD GOLDMAN,USD,5.234826,-69192.0,2025-08-24
AEE01268A239,ADNOC LOGISTICS CFD HSBC,USD,1.481078,-648542.0,2025-08-31
KYG983381099,YATRA ONLINE INC,USD,1.54,15448.0,2024-04-09
MXCFFU000001,TRUST FIBRA UNO CFD GOLDMAN,USD,1.770037,-456299.0,2024-03-07
GRS323003012,EUROBK ERGASIAS SV,EUR,3.57234,1096174.0,2025-12-11
SA16AH822K19,FLYNAS COMPANY,SAR,80.0,32000.0,2025-06-17
ROTLVAACNOR1,BCA TRANSILVANIA,RON,32.3,107056.0,2025-06-12
INE0JR601024,YATRA ONLINE CFD GOLDMAN,USD,1.686736,352125.0,2023-12-25
SA15SH122J13,LUMI RENTAL CO,SAR,61.9,6835.0,2025-04-29
SA1690P13NH3,ENTAJ,SAR,65.0,12217.0,2025-03-17
BMG730931091,VENTURA OFFSHORE H,NOK,24.6,37463.0,2025-08-21
SA165GP0SLH5,TAMKEEN HUMAN RE,SAR,10.0,847.0,2024-11-26
GB00BF4HYT85,BANK OF GEORGIA GROU CFD HSBC,GBP,46.85,-804.0,2024-12-01
AEE01198A238,AL ANSARI FINANCIA,AED,0.978,3222551.0,2024-11-13
SA16502H3N15,FOURTH MILLING CO.,SAR,5.3,637372.0,2024-10-28
PHY0927M1046,BLOOMBERRY RESORTS,PHP,2.7,5648800.0,2025-04-24
AEE01110S227,SALIK COMPANY P.J.,AED,2.0,513433.0,2022-09-28
US98422D1054,XPENG INC - ADR CFD GOLDMAN,USD,25.35,-53717.0,2025-03-13
US21240E1055,CONTROLADORA VUELA ADR,USD,6.6,81924.0,2024-09-16
SA128G53E019,ETIHAD ATHEEB TELE,SAR,89.9,79827.0,2024-03-08
KYG236271055,SHELF DRILLING LTD	,NOK,29.65,100434.0,2024-01-03
US88642R1095,TIDEWATER INC,USD,50.44,23320.0,2024-11-20
SA15HG50KL10,ALMASANE ALKOBRA M,SAR,86.3,9758.0,2022-05-23
KR7105560007,KB FINANCIAL GROUP,KRW,106700.0,10114.0,2025-09-08
BREGIEACNOR9,ENGIE BRASIL ENERGIA CFD GOLDMAN,USD,7.416371,-51710.0,2025-10-12
CNE100007DS6,SUZHOU RIBO LIFE S,HKD,57.97,16661.0,2026-01-08
SA124060V8H1,METHANOL CHEMICALS C CFD GOLDMAN,USD,2.239642,-59623.0,2026-04-22
SA000A0MWH44,UNITED INTL TRANSP,SAR,33.78,44134.0,2026-05-13
VN000000NLG1,NAM LONG INVESTMEN,VND,26400.0,2524410.0,2026-05-31
ROSNPPACNOR9,SNP PETROM,RON,1.052,8328407.0,2026-05-31
DE000HLAG475,HAPAG-LLOYD AG CFD GOLDMAN,EUR,110.6,-13803.0,2026-05-31
VGG0896C1032,BBB FOODS INC,USD,37.82,79749.0,2026-05-31
PLBNFTS00018,BENEFIT SYSTEMS SA,PLN,4410.0,1813.0,2026-05-31
VN000000VCK5,VPS SECURITIES JSC,VND,33000.0,1018200.0,2026-05-31
CNE100007JY1,VICTORY GIANT TECH,HKD,426.0,48829.0,2026-05-31
SA562G3GSL11,SAUDI MANPOWER SOL,SAR,7.5,14458.0,2024-06-11
SA164H113MH2,ARABIAN MILLS CO,SAR,66.0,5923.0,2024-10-07
GB00BYT18307,TBC BANK GROUP PLC CFD HSBC,GBP,30.3,-2923.0,2024-12-01
MA0000012783,SOC GEN TRAV D,MAD,899.7,9210.0,2025-12-25
LU2910446546,ZABKA GROUP SA,PLN,22.15,61475.0,2026-02-09
TH0016010R14,KASIKORNBANK PCL-NVD CFD GOLDMAN,USD,6.032767,-328800.0,2026-05-24
KYG9361H1092,DRAGON CAPTL GROUP,GBP,5.96,67794.0,2025-06-22
MXCFFI0U0002,FIBRA MACQUARIE MEXICO,MXN,43.6,2806820.0,2026-05-31
DE000A2E4K43,DELIVERY HERO SE,EUR,36.98,86566.0,2026-05-31
SA000A0HNF36,YANBU NATIONAL PETRO CFD HSBC,USD,8.9911,-52000.0,2026-05-31
SA000A0HNF36,YANBU NATIONAL PETRO CFD GOLDMAN,USD,8.9911,-170000.0,2026-05-31
GG00BD95V148,ANDRADA MINING LTD,GBP,0.038,35444708.0,2026-05-31
GRS831003009,PIRAEUS BANK SA,EUR,9.15,1180533.0,2026-05-31
US0900401060,BILIBILI INC ADR,USD,27.08,71305.0,2025-09-15
CNE1000074L2,GENFLEET THERAPEUT,HKD,20.39,76369.0,2025-09-18
CZ0005112300,CEZ AS CFD HSBC,EUR,53.695666,-14407.0,2025-10-02
SA123GA0ITH7,SAUDI ARABIAN MINING CFD HSBC,USD,16.264498,-21867.0,2025-11-05
KYG8918W1069,TONGCHENG TRAVEL,HKD,21.76,579200.0,2025-11-26
MA0000012767,CASH PLUS,MAD,321.9,3454.0,2025-12-14
US4642866242,ISHARES MSCI THAILAN CFD GOLDMAN,USD,62.71,-39031.0,2026-01-20
KYG6391R1074,NANSHAN ALUMINIUM,HKD,64.15,489000.0,2026-01-22
AU0000058737,LOTUS RESOURCES,AUD,0.82,1335638.0,2026-05-06
MX01VE0M0003,VESTA REAL ESTATE CO LCLS,MXN,60.9,288267.0,2026-05-31
SA31RG522S19,KINGDOM HOLDINGS C,SAR,12.35,32408.0,2026-05-31
IE00BD5B1Y92,BANK OF CYPRUS HLD,EUR,9.4,425059.0,2026-05-31
MX01Q0000008,QUALITAS CONTROLADOR CFD GOLDMAN,USD,10.051929,-196571.0,2026-05-31
US00218A1051,ASP ISOTOPES INC,USD,5.85,189230.0,2024-11-26
SA0007879105,ARAB NATIONAL BANK CFD GOLDMAN,USD,8.043681,-141988.0,2022-07-18
PHY0040P1094,ALLHOME CORP,PHP,0.63,5222117.0,2024-08-29
BE6360403164,TITAN AMER SA,USD,16.01,20000.0,2025-02-17
SA000A0D9HK3,BANK ALBILAD CFD GOLDMAN,USD,12.717608,-120067.0,2022-09-25
AEE000301011,EMAAR PROPERTIES,AED,8.16,750759.0,2024-10-07
SA15DGU21117,ALMUNAJEM FOODS CFD HSBC,USD,19.740605,33475.0,2022-10-23
OM0000009759,OQ EXPLORATION & PRO CFD HSBC,USD,1.0135,2006362.0,2024-10-27
ID1000139504,INTEGRA INDOCABINE,IDR,404.0,5151808.0,2022-11-24
NL0010558797,OCI N.V.,EUR,29.93,21119.0,2023-04-10
CNE100006PM5,MAO GEPING COSMETI,HKD,29.8,31396.0,2024-12-09
MA0000012718,CMGP GROUP,MAD,266.05,10524.0,2024-12-18
SA15CGS10H12,ACWA POWER CO CFD GOLDMAN,USD,65.591254,-23797.0,2025-06-29
SA15CGS10H12,ACWA POWER CO CFD HSBC,USD,65.591254,-13175.0,2025-06-29
PHY1757W1054,CONVERGE INFORMATI,PHP,10.84,928651.0,2023-06-13
SA000A0LE310,ADVANCED PETROCHEMIC CFD HSBC,USD,12.128159,-67020.0,2023-07-31
CNE100003662,CONTEMPORARY AMPEREX CFD GOLDMAN,USD,42.579742,43320.0,2025-09-04
CNE100006T36,MIXUE GROUP,HKD,202.5,576.0,2025-03-02
US92189F8178,VANECK VIETNAM ETF CFD GOLDMAN,USD,11.16,-10967.0,2025-04-07
VGG0457F1071,ARCOS DORADOS HLDS,USD,7.65,57335.0,2025-04-28
VNMIRSSI2514,SSI SECURITIES CORP CFD HSBC,USD,0.114941,-714000.0,2026-01-07
KYG6181S1093,MINIMAX GROUP INC,HKD,165.0,19756.0,2026-01-08
AEE01200P230,PRESIGHT AI HOLDIN,AED,3.61,681433.0,2026-02-17
US46434V4234,ISHRS MSCI SAUDI ARA CFD GOLDMAN,USD,38.17,-26783.0,2025-04-08
SA12C051UH11,MOUWASAT MEDICAL S,SAR,70.8,44192.0,2025-06-15
SA16AGP0KLH7,UNITED CARTON IND,SAR,50.0,22803.0,2025-05-26
VN000000MBB5,MILITARY COMMERCIA,VND,25000.0,6729900.0,2026-05-31
US46627J3023,JSC HALYK BANK GDR,USD,32.0,62752.0,2026-05-31
KR7402340004,SK SQUARE CO LTD,KRW,1233000.0,5542.0,2026-05-31
GB00B0WD0R35,SOLGOLD PLC,GBP,0.103,194420.0,2023-10-17
VN000000VHM0,VINHOMES JSC,VND,41000.0,796300.0,2023-11-08
MA0000012528,TGCC SA,MAD,959.0,3509.0,2025-07-27
US3999091008,GRUPO FINANCIARO GAL ADR,USD,40.1,6535.0,2025-09-07
MHY641771016,OKEANIS ECO TANKERS,USD,37.29,2498.0,2026-01-22
CNE100007DX6,MONTAGE TECHNOLOGY,HKD,106.89,30656.0,2026-02-08
AU000000LPI1,LITHIUM POWER INTL NPV,AUD,0.565,5229343.0,2024-03-14
INE066P01011,INOX WIND LTD,INR,100.95,833916.0,2026-05-03
SA15GHD4KS19,GAS ARABIAN SERVIC,SAR,16.92,472783.0,2025-10-07
VN000000MSN4,MASAN GROUP CORP CFD HSBC,USD,3.340673,-704700.0,2025-10-19
MXCFTE0B0005,TERRAFINA,MXN,39.19,1194490.0,2025-11-13
KW0EQ0100085,KUWAIT FINANCE HOUSE CFD GOLDMAN,USD,2.338552,-712197.0,2024-06-25
QA000QLM0003,QLM LIFE & MEDICAL,QAR,2.075,83548.0,2024-07-29
MYL5326OO003,99 SPEED MART RETA,MYR,1.88,2628455.0,2024-09-09
SA14TG012N13,SAUDI ARABIAN OIL CO CFD GOLDMAN,USD,6.878349,-155416.0,2026-03-01
CY0200751713,THEON INTL PLC,EUR,31.95,27309.0,2026-03-17
GRS426003000,MOTOR OIL(HELLAS) SA,EUR,36.98,22827.0,2026-05-31
AEA000201011,ABU DHABI COMM.BK.,AED,13.7,425889.0,2026-05-31
INE208C01025,AEGIS LOGISTICS,INR,748.45,208706.0,2026-05-31
PLDGNST00012,DIAGNOSTYKA SA,PLN,177.9,42093.0,2026-05-31
SA0007879519,YANBU CEMENT CO CFD HSBC,USD,4.468902,-182622.0,2026-05-31
AEE01268A239,ADNOC LOGISTICS &,AED,5.44,648542.0,2025-08-31
SA13L050IE10,THE SAUDI NAT BANK,SAR,39.9,80557.0,2026-03-01
CNE100007KM4,SHANGHAI XIZHI TEC,HKD,174.9,845.0,2026-04-27
SA0007879048,RIYAD BANK CFD HSBC,USD,5.56962,-346666.0,2026-05-05
SA0007879451,YAMAMAH CEMENT CO,SAR,24.77,182621.0,2026-05-31
SA1591410GH0,ALKHORAYEF WATER &,SAR,121.7,58640.0,2026-05-31
VN000000MWG0,MOBILE WORLD INVES,VND,76300.0,2001374.0,2026-05-31
SA15M1HH2NH5,SAUDI ARAMCO BASE,SAR,126.5,65770.0,2026-05-31
SA0007879550,SAUDI ELECTRICITY CO CFD GOLDMAN,USD,4.325001,-264829.0,2026-05-31
KYG8879R1048,TIME INTERCONNECT,HKD,19.22,796514.0,2026-05-31
EU0009658426,SX7E INDEX CFD GOLDMAN,EUR,273.22,-12286.0,2026-05-31
SA16B0CHUPH2,SPECIALIZED MEDICA,SAR,24.16,212164.0,2025-06-25
NL0015002X96,THEON INTL PLC,EUR,1.65,-88471.0,2025-12-18
CNE100001T72,YANGTZE OPTICAL FIBR CFD GOLDMAN,HKD,38.38,-170000.0,2025-12-16
LU2290522684,INPOST S.A.,EUR,10.1,116994.0,2025-11-30
VN000000VRE6,VINCOM RETAIL JSC,VND,23850.0,539700.0,2024-01-21
BE0974303357,CENERGY HLDGS SA,EUR,10.52,27716.0,2025-08-06
ID1000128309,ARWANA CITRAMULIA,IDR,575.0,4476100.0,2025-08-25
GB00BMXNWH07,NOBLE CORP PLC CFD GOLDMAN,USD,24.17,-19096.0,2025-04-02
ZAE000339891,BOXER RETAIL LTD,ZAR,69.27,43905.0,2025-03-09
INE066P20011,INOX WIND LTD,INR,24.48,50235.0,2025-08-19
BRSRNAACNOR4,SERENA ENERGIA S.A,BRL,6.31,324867.0,2024-12-01
CY0200352116,FRONTLINE PLC USD,USD,13.38,10081.0,2024-12-22
SA1610O13M15,MODERN MILLS FOR F,SAR,62.4,33507.0,2024-03-27
AEE01388A243,ALEF EDUCATION CON,AED,1.14,130910.0,2024-12-12
SA1510P1UMH1,DR SULAIMAN AL HABIB CFD HSBC,USD,72.237168,-9564.0,2024-11-20
SA1510P1UMH1,DR SULAIMAN AL HABIB CFD GOLDMAN,USD,72.237168,-10468.0,2024-11-20
AEE01456N241,NMDC ENERGY CFD GOLDMAN,USD,0.76234,1530214.0,2024-09-10
NL0015000JZ7,CTP N.V,EUR,1e-06,156977.0,2021-09-19
GB00B11DNM70,HORIZONTE MINERALS,GBP,0.074,20273944.0,2022-05-30
SA15QGU1UNH6,JAMJOOM PHARMACEUT,SAR,78.0,81316.0,2023-06-20
US1055321053,BRASKEM SA CFD HSBC,USD,17.06,-100000.0,2022-01-27
US87190U1007,TDCX INC,USD,18.0,40762.0,2021-10-03
DE000RENK730,RENK GROUP AG CFD HSBC,EUR,56.26,-14309.0,2026-05-31
VN000000PNJ6,PHUNHUAN JEWELRY BON,VND,65800.0,759346.0,2026-05-31
SA15L1I156H7,ARABIAN DRILLING,SAR,169.6,9582.0,2024-02-11
PLPKO0000016,POWSZECHNA KASA OS,PLN,83.74,90558.0,2025-08-21
BRCPLEACNOR8,CIA PARANAENSE DE,BRL,11.56,187200.0,2025-10-12
CNE1000075S4,SANY HEAVY IND CO,HKD,20.6,1096000.0,2025-10-27
CNE100000X85,ZOOMLION HEAVY INDUS CFD GOLDMAN,HKD,7.21,-1602400.0,2025-10-29
AEE01569T248,TALABAT HOLDING PL,AED,0.926,775538.0,2025-12-02
AU0000446957,LOTUS RESOURCES,AUD,3.17,1014111.0,2026-01-28
VN000000ACB8,ASIA COMMERCIAL BK,VND,22950.0,739182.0,2026-02-09
US48581R2058,KASPI KZ JSC ADR,USD,79.54,12524.0,2026-04-13
GRS434003000,PUBLIC POWER CORP,EUR,21.56,104029.0,2026-05-31
VN000000HDB1,HO CHI MINH CITY D,VND,25900.0,5112917.0,2026-05-31
US66980N2036,NOVA LJUBLJANSKA GDR,EUR,44.0,55626.0,2026-05-31
SA0007879360,SUSTAINED INFRASTR,SAR,34.8,227525.0,2026-05-31
US2017122050,COMMERCIAL INTL BK GDR,USD,2.435,898761.0,2026-05-31
VN000000FPT1,FPT CORPORATION,VND,71600.0,868444.0,2026-05-31
VN000000TCB8,VIETNAM TECHNOLOGI,VND,32750.0,1617600.0,2026-05-31
SA0007879055,BANK AL-JAZIRA CFD GOLDMAN,USD,3.051218,-604285.0,2026-05-31
SA165I21VPH1,TASHEEL,SAR,39.78,171623.0,2026-05-31
VN000000SSI1,SSI SECURITIES CORP CFD HSBC,USD,1.045151,-1182000.0,2026-05-31
KYG8193D1043,SKYLINE BUILDERS GRO CFD GOLDMAN,USD,3.43,-100000.0,2026-05-31
SA000A0B89Q3,SAUDI IND INVESTMENT CFD GOLDMAN,USD,6.969012,55753.0,2022-08-09
KW0EQ0602452,JAZEERA AIRWAYS,KWD,1.9,51736.0,2022-07-25
SA132GSGS910,SEERA GROUP HLDG,SAR,22.1,54883.0,2023-10-15
BRELETACNOR6,CENTRAIS ELET BRAS,BRL,45.3,205398.0,2022-06-27
AEE01072B225,BOROUGE PLC,AED,3.0,866532.0,2022-06-27
BH0005508765,AHLI UNITED BANK B.S CFD GOLDMAN,USD,1.013146,12208536.0,2022-10-05
BH0005508765,AHLI UNITED BANK B.S CFD HSBC,USD,1.013146,2695000.0,2022-10-05
SA15JHPITV18,ALAMAR FOODS CO,SAR,123.0,2947.0,2022-09-11
PLCCC0000016,CCC SA CFD HSBC,USD,11.725557,-100000.0,2023-05-16
PHY8321B1036,SYNERGY GRID & DEV,PHP,12.1,151460.0,2022-07-13
AED001801011,DUBAI ELECTRICITY,AED,2.55,267894.0,2022-06-08
KR7373220003,LG ENERGY SOLUTION,KRW,300000.0,2647.0,2022-01-26
SA15ED94KR18,JAHEZ INTERNATIONA,SAR,954.4,1.0,2022-01-11
SA121053DR18,MOBILE TELECOM CFD HSBC,USD,3.022871,-489553.0,2024-07-24
KYG2135N1060,CHINA RESOURCE BEV,HKD,14.5,244544.0,2024-10-22
INE474Q01031,GLOBAL HEALTH LTD,INR,459.75,68978.0,2023-02-15
GRS518003009,IPTO HLDG S.A,EUR,2.6,36360.0,2024-12-22
MA0000012759,VICENNE,MAD,417.8,2062.0,2025-07-22
VN000000MSN4,MASAN GROUP CORP,VND,88000.0,704700.0,2025-10-19
ZAE000005443,PICK'N PAY STORES,ZAR,25.51,650000.0,2025-11-25
BMG1466R1732,BORR DRILLING LTD - US,USD,4.14,158844.0,2024-10-30
AEE000401019,EMIRATES TELECOM GRO CFD GOLDMAN,USD,4.383338,-332862.0,2024-12-19
AT000ADDIKO0,ADDIKO BANK AG,EUR,18.6,10729.0,2025-02-25
KYG9066F1019,TRIP COM GROUP LTD CFD GOLDMAN,HKD,475.2,-25150.0,2025-07-07
