ISIN,Stock Name,Country,Analyst,CCY,Instrument,L/S,Starting Units,Ending Units,Units Bought,Units Sold,Bonus Units,Avg Buy Price (EUR),Avg Sell Price (EUR),Start Price (Local),Last Price (EUR),Market Value Start (EUR),Market Value End (EUR),Cost Basis (EUR),Realised P&L (Local),Realised,Realised P&L (%),Unrealised P&L (Local),Unrealised,Unrealised P&L (%),Income (Local),Income,Dividends (EUR),Swap Financing (EUR),Income Yield (%),Total,Total P&L (%),Last Trade Date,First Trade Date,FX residual
AEA000201011,ABU DHABI COMM.BK.,654546   X,VS,AED,ORD,L,0.0,425889.0,425889.0,0.0,0.0,3.00450897700807,0.0,0.0,3.1163636734916143,0.0,1327225.31379991,1279587.32370899,0.0,0.0,0.0,203309.15598799754,47637.99009091997,0.037182170560380715,0.0,0.0,0.0,0.0,0.0,46020.1185959375,0.035919397430019734,2026-04-28,2026-03-25,-1617.8714949824716
AEE000701012,EMIRATE INTEGRATED,B13TMN   X,VS,AED,ORD,L,664745.0,0.0,0.0,664745.0,0.0,0.0,2.425535296070298,9.8,0.0,1510210.61539488,0.0,1510210.61539488,366727.8137683303,102151.84499137012,0.06764079390652417,0.0,0.0,0.0,0.0,0.0,0.0,0.0,0.0,98040.77739789407,0.06491861227730743,2026-02-02,,-4111.067593476051
AEE001901017,EMAAR DEVELOPMENT,BDG197   X,VS,AED,ORD,L,893072.0,646316.0,152101.0,398857.0,0.0,4.443686051339827,3.38669631557449,15.15,3.200716374428229,3136573.50622648,2068674.68004766,2378392.870564957,-499141.4757888995,-116955.3656452271,-0.037287621480273446,-1321813.6153104343,-276025.02028733765,-0.08800208882061727,730955.0,171272.30142534306,171272.30142534306,0.0,0.05460490598589407,-226874.66923346507,-0.07233201096135361,2026-04-28,,-5166.584726243396
AEE01200P230,PRESIGHT AI HOLDIN,BM8C10   X,JB,AED,ORD,L,871290.0,0.0,0.0,871290.0,0.0,0.0,0.8595900116733752,3.28,0.0,662510.76103092,0.0,662510.76103092,338541.56336027,86441.42023997518,0.1304754961345313,0.0,0.0,0.0,0.0,0.0,0.0,0.0,0.0,85495.40912748768,0.1290475780264308,2026-02-18,,-946.0111124874966
AEE01710A255,ALEC HOLDINGS PJSC,BTMK24   X,JB,AED,ORD,L,3756685.0,3756685.0,0.0,0.0,0.0,0.0,0.0,1.52,0.31397949793073404,1323746.21783863,1179522.34147265,1337965.9409123482,0.0,0.0,0.0,-676204.735176797,-144223.87636598016,-0.10895130382428155,187834.25,44012.0175441761,44012.0175441761,0.0,0.033248078031178435,-100211.85882180402,-0.07570322579310308,2026-04-24,,2.9103830456733704e-11
AEF000901015,FERTIGLOBE PLC,BMXCL7   X,VS,AED,ORD,L,0.0,2278487.0,2278487.0,0.0,0.0,0.749680191319134,0.0,0.0,0.7966643977346983,0.0,1815189.89109285,1708136.5700781594,0.0,0.0,0.0,456881.58336800616,107053.32101469059,0.06259313076226283,0.0,0.0,0.0,0.0,0.0,104885.26643214142,0.06132548840704248,2026-04-20,2026-04-16,-2168.0545825491718
AU000000AEE7,AURA ENERGY LTD,,JB,AUD,ORD,L,0.0,0.0,9756098.0,9756098.0,0.0,0.11764559665721519,0.09254266878031057,0.0,0.0,0.0,0.0,1147761.9645174542,-426755.0969999999,-244906.6244540133,-0.21337753996489833,0.0,0.0,0.0,0.0,0.0,0.0,0.0,0.0,-245006.88317924656,-0.21346489146140435,2026-03-31,2026-01-30,-100.25872523325961
AU0000058737,LOTUS RESOURCES,BK6XLC   X,JB,AUD,ORD,L,11662278.0,0.0,-10183051.0,1479227.0,0.0,-0.0563564510258186,0.47885179637299924,0.175,0.0,1158817.54417188,0.0,1158817.54417188,-1806618.2557166554,-1024367.6529533506,-0.8839766519805232,0.0,0.0,0.0,0.0,0.0,0.0,0.0,0.0,-1024580.159465714,-0.8841600341820028,2026-05-20,,-212.5065123634413
BH0006000044,ALUMINIUM BAHRAIN,B4MWYQ   X,JB,BHD,ORD,L,1121664.0,1856959.0,735295.0,0.0,0.0,2.4458077396398283,0.0,1.105,1.768403486676389,2799298.27754963,3283853.53691073,4626556.330019914,0.0,0.0,0.0,-588437.3518259423,-1313834.942557368,-0.4693443900188569,80796.29,184361.85928582793,184361.85928582793,0.0,0.06586002669469342,-1134688.390380117,-0.40534743992103917,2026-04-08,,-5215.307108577108
CA01921D2041,ALLIED GOLD CORP,,JB,USD,ORD,L,0.0,0.0,38308.0,38308.0,0.0,25.87991988695496,27.074559840937848,0.0,0.0,0.0,0.0,991614.84077535,53178.090899999894,45764.26735717641,0.04615125296167717,0.0,0.0,0.0,0.0,0.0,0.0,0.0,0.0,45062.87259595003,0.045443927160988315,2026-02-27,2026-01-21,-701.3947612263801
CA85207H1047,SPROTT PHYSICAL GOLD CFD GOLDMAN,FDUSB61HGS1,AS,USD,SWAP,S,-87181.0,-87181.0,348724.0,348724.0,0.0,31.641558987500005,31.641558987500005,33.02,29.604124,-55673.50688534,46516.54034071,2627433.589166039,0.0,0.0,0.0,102190.04722605,102190.04722605,0.038893484367186475,-44462.30999999994,-38263.59705134987,0.0,-38263.59705134987,-0.014563107211967604,63926.45017470013,0.024330377155218873,2026-05-20,,0.0
CNE100000296,BYD CO 'H'SHS CNY1 CFD GOLDMAN,FDHK6536651,HK,HKD,SWAP,L,64700.0,0.0,129400.0,194100.0,0.0,10.58551081308805,10.682558395356457,95.35,0.0,-15217.14845354,0.0,693057.0688807752,15217.14845354,15217.14845354,0.02195655904370808,0.0,0.0,0.0,236155.0,25945.213347844405,0.0,25945.213347844405,0.03743589743589743,41162.3618013844,0.05939245647960551,2026-03-11,,0.0
CNE100007DD8,SHANGHAI BIREN TEC,BV6GRF   X,HK,CNY,ORD,L,52307.0,0.0,0.0,52307.0,0.0,0.0,4.925967530748482,18.3,0.0,116631.04082917,0.0,116631.04082917,1135061.465326269,141031.5428016908,1.2092110453533578,0.0,0.0,0.0,0.0,0.0,0.0,0.0,0.0,140571.56087963705,1.2052671388359881,2026-01-02,,-459.9819220537611
CNE100007DS6,SUZHOU RIBO LIFE S,,KX,HKD,ORD,L,0.0,0.0,16661.0,16661.0,0.0,6.368884917848617,8.28606539882039,0.0,0.0,0.0,0.0,107288.23028640641,290739.4483,31942.14399347072,0.29772272231726654,0.0,0.0,0.0,0.0,0.0,0.0,0.0,0.0,30519.4251593175,0.2844620055512684,2026-01-09,2026-01-08,-1422.71883415322
CNE100007DX6,MONTAGE TECHNOLOGY,,KX,HKD,ORD,L,0.0,0.0,30656.0,30656.0,0.0,11.743489889060527,17.85396089945233,0.0,0.0,0.0,0.0,363639.11122588115,1705022.3424000002,187322.59929457103,0.5151332557795527,0.0,0.0,0.0,0.0,0.0,0.0,0.0,0.0,182691.8978359782,0.5023989229874004,2026-02-09,2026-02-05,-4630.701458592841
CNE100007DY4,SHENZHEN WOER HEAT,BVMD7L   X,HK,HKD,ORD,L,0.0,646227.0,646227.0,0.0,0.0,2.207191616346019,0.0,0.0,1.5875519589945233,0.0,1025919.17576966,1426346.8166564389,0.0,0.0,0.0,-3644718.132235894,-400427.64088677877,-0.27724736133404515,0.0,0.0,0.0,0.0,0.0,-418378.2161334435,-0.28967594795844653,2026-02-11,2026-02-11,-17950.575246664754
CNE100007DZ1,BUSY MING GROUP CO,,KX,HKD,ORD,L,0.0,0.0,400.0,400.0,0.0,25.994103356270188,48.8900084257829,0.0,0.0,0.0,0.0,10512.92398237607,83360.0,9158.362027805084,0.8711526919778186,0.0,0.0,0.0,0.0,0.0,0.0,0.0,0.0,9008.170823269205,0.8568663521557425,2026-01-28,2026-01-26,-150.19120453587857
CNE100007FF8,SHENZHEN HAN S CNC,,KX,HKD,ORD,L,0.0,0.0,5635.0,5635.0,0.0,10.525084959977532,12.634496559471986,0.0,0.0,0.0,0.0,59906.98400042129,108192.00000000001,11886.534363151246,0.19841650454423904,0.0,0.0,0.0,0.0,0.0,0.0,0.0,0.0,11161.274709170058,0.1863100754511622,2026-02-06,2026-02-04,-725.2596539811875
CNE100007HC1,DELTON TECHNOLOGY,,KX,HKD,ORD,L,0.0,0.0,40200.0,40200.0,0.0,7.897109675607359,11.06168850863643,0.0,0.0,0.0,0.0,320665.4310377054,1157928.8400000003,127216.06908776861,0.3967252368803357,0.0,0.0,0.0,0.0,0.0,0.0,0.0,0.0,123201.97087642184,0.38420721085440346,2026-03-20,2026-03-18,-4014.098211346776
CNE100007HD9,SHENZHEN ZHAOWEI M,,KX,HKD,ORD,L,0.0,0.0,76044.0,76044.0,0.0,7.831190563123157,8.090598896158232,0.0,0.0,0.0,0.0,601520.8235702149,179551.39140000005,19726.447277319203,0.032794288251297016,0.0,0.0,0.0,0.0,0.0,0.0,0.0,0.0,12596.538137199823,0.02094115056970998,2026-03-10,2026-03-06,-7129.90914011938
CNE100007JX3,SIGENERGY TECH CO,,KX,HKD,ORD,L,0.0,0.0,5828.0,5828.0,0.0,35.618293778963626,67.67695548378038,0.0,0.0,0.0,0.0,209676.89509380708,1700610.4000000001,186837.880415672,0.8910751961110586,0.0,0.0,0.0,0.0,0.0,0.0,0.0,0.0,184040.3161292656,0.8777329330774764,2026-04-16,2026-04-14,-2797.564286406414
CNE100007JY1,VICTORY GIANT TECH,BP9QBT   X,KX,HKD,ORD,L,0.0,48829.0,48829.0,0.0,0.0,32.623693454946626,0.0,0.0,38.58465384075271,0.0,1884050.49572741,1592982.3277115885,0.0,0.0,0.0,2649321.179063931,291068.1680158217,0.18222187166418394,0.0,0.0,0.0,0.0,0.0,286722.11051451834,0.17950104259638763,2026-04-21,2026-04-17,-4346.057501303381
CNE100007KJ0,HUAQIN CO LTD,,KX,HKD,ORD,L,0.0,0.0,38760.0,38760.0,0.0,8.536525066704115,9.671729089313299,0.0,0.0,0.0,0.0,334212.59309064737,400495.4520000001,44000.50791633199,0.13165424890018396,0.0,0.0,0.0,0.0,0.0,0.0,0.0,0.0,39994.41755876987,0.11966759597213118,2026-04-23,2026-04-21,-4006.0903575621196
CNE100007KM4,SHANGHAI XIZHI TEC,,HK,HKD,ORD,L,0.0,0.0,845.0,845.0,0.0,20.12730234517624,100.6365117258812,0.0,0.0,0.0,0.0,17179.092012357814,619216.0,68030.2819266957,3.9600627249541462,0.0,0.0,0.0,0.0,0.0,0.0,0.0,0.0,67706.92670692319,3.941240122482496,2026-04-28,2026-04-24,-323.35521977250755
CNE100007LD1,METIS TECHBIO  CO,,KX,HKD,ORD,L,0.0,0.0,1090.0,1090.0,0.0,1.153584468473529,2.755418901839629,0.0,0.0,0.0,0.0,1270.0877105743575,15892.199999999999,1745.9995323690491,1.3747078393345569,0.0,0.0,0.0,0.0,0.0,0.0,0.0,0.0,1727.9267090296307,1.3604782525202372,2026-05-13,2026-05-11,-18.07282333941839
COTK7PA00010,GRUPO CIBEST SA CFD GOLDMAN,FDUSBP6QXH4,JB,USD,SWAP,S,0.0,-138000.0,247860.0,385860.0,0.0,18.81458238342635,18.82322301257308,0.0,16.75173108686,0.0,161172.82261899998,2472911.6762129725,0.0,0.0,0.0,161172.82261899998,161172.82261899998,0.06517532517207437,349973.87000000017,301182.26291395,0.0,301182.26291395,0.12179256776982098,462355.08553295,0.18696789294189534,2026-05-20,2026-03-05,0.0
COTK7PA00028,GRUPO CIBEST SA PRF,BTPR2M   X,JB,COP,ORD,L,0.0,178304.0,178304.0,0.0,0.0,14.468194012379024,0.0,0.0,14.006680025728855,0.0,2497447.65438745,2579736.8651832296,0.0,0.0,0.0,-356729851.066885,-82289.21079578009,-0.03186642982916889,184422766.0,42542.007128159865,42542.007128159865,0.0,0.01647435759599033,-42326.940529869054,-0.01639107323104435,2026-04-06,2026-03-05,-2579.7368622488284
CY0101162119,SED ENERGY HLDG,,VS,NOK,ORD,L,0.0,0.0,2000000.0,2000000.0,0.0,0.8125731355918406,0.8256303452879028,0.0,0.0,0.0,0.0,1627096.4467091018,279600.0000000021,26114.419392124182,0.016049705870197266,0.0,0.0,0.0,0.0,0.0,0.0,0.0,0.0,23833.99172858824,0.014648173915439303,2026-02-26,2026-02-26,-2280.427663535942
CY0200751713,THEON INTL PLC,BQ7WV8   X,VS,EUR,ORD,L,99529.0,0.0,0.0,99529.0,0.0,0.0,32.26261671975003,26.8,0.0,2667377.2,0.0,2667377.2,543688.7794999997,543688.7794999997,0.2038289820802246,0.0,0.0,0.0,0.0,0.0,0.0,0.0,0.0,542551.7499999991,0.20340270959802725,2026-03-18,,-1137.0295000006445
DE0007030009,RHEINMETALL AG CFD HSBC,FDEU5334588,AS,EUR,SWAP,S,0.0,-462.0,1848.0,2310.0,0.0,1552.175,1607.0056,0.0,1240.6,0.0,36313.2,609470.4,0.0,0.0,0.0,36313.2,36313.2,0.059581564584596715,254667.32000000004,254667.32000000004,0.0,254667.32000000004,0.4178501859975481,290980.52,0.47743175058214476,2026-05-20,2026-01-23,0.0
DE000A2E4K43,DELIVERY HERO SE,BZCNB4   X,VS,EUR,ORD,L,37548.0,86566.0,49018.0,0.0,0.0,24.353673350605902,0.0,22.72,32.28,853090.56,2794350.48,2046858.9203,0.0,0.0,0.0,747491.5596999999,747491.5596999999,0.8762159549626242,0.0,0.0,0.0,0.0,0.0,746996.5,0.8756356417775857,2026-05-13,,-495.059699999867
DE000HAG0005,HENSOLDT AG CFD HSBC,FDEUBN0SDX8,AS,EUR,SWAP,S,0.0,-9771.0,39084.0,48855.0,0.0,76.66749999999999,78.66148000000001,0.0,86.84,0.0,-135035.22,713478.4199999999,0.0,0.0,0.0,-135035.22,-135035.22,-0.18926321555738157,-7841.829999999973,-7841.830000000045,0.0,-7841.830000000045,-0.010990984142169355,-142877.05000000005,-0.2002541996995509,2026-05-20,2026-01-23,0.0
DE000HLAG475,HAPAG-LLOYD AG CFD GOLDMAN,FDEUBYZTSW7,JB,EUR,SWAP,S,-10324.0,-13803.0,51733.0,55212.0,0.0,120.66637542767671,121.19987783271752,117.6,117.3,-25810.0,-98001.3,1521090.6,0.0,0.0,0.0,-72191.3,-72191.3,-0.04746022360535263,-7177.1999999999825,-7177.200000000021,0.0,-7177.200000000021,-0.004718456612643599,-79368.50000000003,-0.05217868021799624,2026-05-20,,0.0
DE000RENK730,RENK GROUP AG CFD HSBC,FDEUBMD6RR4,AS,EUR,SWAP,S,0.0,-14309.0,57236.0,71545.0,0.0,53.88,54.936119999999995,0.0,47.975,0.0,84780.82,771255.1,0.0,0.0,0.0,84780.82,84780.82,0.10992578201427777,144886.90000000002,144886.8999999999,0.0,144886.8999999999,0.18785859568384042,229667.7199999999,0.2977843776981182,2026-05-20,2026-01-23,0.0
EU0009658426,SX7E INDEX CFD GOLDMAN,FDSX7E,VS,EUR,FTSWAP,S,-12286.0,-12286.0,49144.0,49144.0,0.0,260.755,260.755,263.27,267.05,-22000.54,-87353.46,3193622.84,0.0,0.0,0.0,-65352.920000000006,-65352.920000000006,-0.020463568578436148,-16549.23000000004,-16549.23000000017,0.0,-16549.23000000017,-0.005181961311373941,-81902.15000000017,-0.025645529889810087,2026-05-20,,0.0
FDGSCBIHKT,GSCBIHKT CFD GOLDMAN,FDGSCBIHKT,HK,HKD,FTSWAP,S,0.0,-184894.0,739576.0,924470.0,0.0,10.315802764358942,10.582281927256908,0.0,9.717575832046062,0.0,9259.22142022,1805980.6653071442,0.0,0.0,0.0,9259.22142022,9259.22142022,0.005126977048032393,2842970.3900000006,312343.47487944126,0.0,312343.47487944126,0.17294951207371914,321602.69629966124,0.17807648912175153,2026-05-20,2026-01-19,0.0
GB00BJVWTM27,GULF MARINE SERVIC,BJVWTM   X,JB,GBP,ORD,L,5641588.0,3124024.0,0.0,2517564.0,0.0,0.0,0.25722308671165905,0.195,0.22824152052204966,1259911.02063312,713032.32177881,704363.4289418005,69145.49541272654,79948.69812690535,0.06345582887808235,7497.494067300344,20748.18609293562,0.01646797730407137,0.0,0.0,0.0,0.0,0.0,100430.76443494146,0.07971258508753565,2026-03-10,,-266.11978489950707
GG00BD95V148,ANDRADA MINING LTD,BD95V1   X,JB,GBP,ORD,L,35444708.0,35444708.0,0.0,0.0,0.0,0.0,0.0,0.0345,0.047405786937203834,1400471.88937036,1680285.05805203,1413898.7983911932,0.0,0.0,0.0,230390.36690946482,279813.1686816699,0.19979920397222076,0.0,0.0,0.0,0.0,0.0,279813.16868167,0.19979920397222078,,,5.820766091346741e-11
GRS001003052,CREDIABANK S.A,BP38NQ   X,VS,EUR,ORD,L,0.0,4761200.0,4761200.0,0.0,0.0,0.8,0.0,0.0,1.242,0.0,5913410.4,3808960.0,0.0,0.0,0.0,2104450.4000000004,2104450.4000000004,0.5525000000000001,0.0,0.0,0.0,0.0,0.0,2104450.4000000004,0.5525000000000001,2026-04-01,2026-04-01,0.0
GRS298343005,HELLENIC PETROLEUM,547565   X,VS,EUR,ORD,L,0.0,51871.0,51871.0,0.0,0.0,8.98315652484047,0.0,0.0,10.15,0.0,526490.65,465965.31210000004,0.0,0.0,0.0,60525.337899999984,60525.337899999984,0.12974965862256854,0.0,0.0,0.0,0.0,0.0,60012.82999999996,0.12865098280557036,2026-03-11,2026-03-06,-512.507900000026
GRS426003000,MOTOR OIL(HELLAS) SA,599623   X,VS,EUR,ORD,L,0.0,22827.0,22827.0,0.0,0.0,37.064099163271564,0.0,0.0,35.86,0.0,818576.22,846062.1916,0.0,0.0,0.0,-27485.971600000048,-27485.971600000048,-0.03245156080645535,0.0,0.0,0.0,0.0,0.0,-28408.360000000102,-0.03354058700808945,2026-03-09,2026-03-06,-922.3884000000544
GRS434003000,PUBLIC POWER CORP CFD GOLDMAN,FDEU7268298,VS,EUR,SWAP,S,0.0,-140000.0,140000.0,280000.0,0.0,30.47083320142857,17.9206,0.0,19.92,0.0,-267400.0,2521400.0,0.0,0.0,0.0,-267400.0,-267400.0,-0.10605219322598557,-334264.0,-334264.0,0.0,-334264.0,-0.1325707940033315,-601664.0,-0.23862298722931705,2026-05-20,2026-04-24,0.0
GRS829003003,EUROBANK S.A.,BW9DW6   X,VS,EUR,ORD,L,1268047.0,763723.0,0.0,504324.0,0.0,0.0,3.980427245976793,3.425,3.534,4343060.97,2698997.08,2615751.271988585,280115.29238858575,280115.29238858575,0.06449720469583593,83245.80801141495,83245.80801141495,0.0191675430270128,0.0,0.0,0.0,0.0,0.0,361102.76000000024,0.08314475953580736,2026-05-06,,-2258.340400000452
GRS830003000,ALPHA BANK S.A.,BTJZ70   X,VS,EUR,ORD,L,1052073.0,1256114.0,219926.0,15885.0,0.0,3.714902202559043,4.438,3.58,3.515,3766421.34,4415240.71,4526556.6218,13629.329999999994,13629.329999999994,0.0036186418803585037,-111315.91179999989,-111315.91179999989,-0.029554821872371795,0.0,0.0,0.0,0.0,0.0,-98681.79999999981,-0.026200414423097926,2026-04-22,,-995.2181999999157
GRS831003009,PIRAEUS BANK SA,BVLKBV   X,VS,EUR,ORD,L,1617558.0,1387696.0,0.0,229862.0,0.0,0.0,8.679601295994988,6.794,8.176,10989689.05,11345802.5,9428006.622284207,433428.08538420865,433428.08538420865,0.03943952221143224,1917795.8777157925,1917795.8777157925,0.17450865706849025,0.0,0.0,0.0,0.0,0.0,2348979.469999999,0.21374394300992516,2026-02-12,,-2244.493100002408
ID1000095003,BANK MANDIRI (PERS,665104   X,VS,IDR,ORD,L,6362808.0,3325318.0,0.0,3037490.0,0.0,0.0,0.2374385882216233,5100.0,0.20677503879944484,1656985.16015761,687592.91449022,829012.9205207521,-737252361.7077167,-36039.09827354503,-0.021749801470833358,-2893031136.554943,-212135.81005654618,-0.12802517195529267,509024640.0,24882.645315809325,24882.645315809325,0.0,0.015016818444796768,-225020.56621128702,-0.13580119582355427,2026-03-09,,-1728.3031970051234
ID1000144108,MAP AKTIF ADIPERKA,BG20RW   X,VS,IDR,ORD,L,49542783.0,47841826.0,0.0,1700957.0,0.0,0.0,0.029882743624722218,670.0,0.02859654791907216,1694941.93937272,1368111.38052196,1566897.147342548,-99826748.49105638,-4879.829738170356,-0.0028790542170290087,-4066563346.007431,-271121.4671649127,-0.1599591471937097,0.0,0.0,0.0,0.0,0.0,-276122.6771617131,-0.16290981463583534,2026-03-10,,-121.38025862997165
IE00BD5B1Y92,BANK OF CYPRUS HLD,BN2BZT   X,VS,EUR,ORD,L,572093.0,431434.0,0.0,140659.0,0.0,0.0,9.537315819819565,7.94,9.32,4542418.42,4020964.88,3425585.96,224676.8459,224676.8459,0.0494619440848428,595378.9199999999,595378.9199999999,0.1310709109003657,0.0,0.0,0.0,0.0,0.0,818499.76,0.180190304881689,2026-05-11,,-1556.0058999998728
INE066P01011,INOX WIND LTD,BWFGTS   X,VS,INR,ORD,L,833916.0,0.0,0.0,833916.0,0.0,0.0,0.9005383990911674,123.53,0.0,975888.16494522,0.0,975888.16494522,-18518986.170757398,-224914.78532870996,-0.23047188541459074,0.0,0.0,0.0,0.0,0.0,0.0,0.0,0.0,-226463.29505918198,-0.23205865507334456,2026-05-04,,-1548.5097304720257
INE208C01025,AEGIS LOGISTICS,BYZ5JH   X,VS,INR,ORD,L,208706.0,208706.0,0.0,0.0,0.0,0.0,0.0,717.6,6.309904941777905,1418804.86118064,1316915.32358436,1331105.920158619,0.0,0.0,0.0,-1596634.835366726,-101889.5375962801,-0.07181363722668249,0.0,0.0,0.0,0.0,0.0,-101889.53759627999,-0.07181363722668241,,,1.1641532182693481e-10
INE285B01017,SPICEJET LTD,630040   X,VS,INR,ORD,L,3172448.0,0.0,0.0,3172448.0,0.0,0.0,0.13794440737106853,29.74,0.0,893800.88349319,0.0,893800.88349319,-45110288.90880942,-456179.42421765835,-0.5103814872444508,0.0,0.0,0.0,0.0,0.0,0.0,0.0,0.0,-457081.80028113094,-0.511391081305206,2026-02-25,,-902.3760634725913
INE530B01024,IIFL FINANCE LTD,B0838V   X,VS,INR,ORD,L,588383.0,824264.0,254591.0,18710.0,0.0,4.280211287918341,5.7623417774715655,610.5,4.123946606077819,3402914.89472132,3399221.50691402,4180757.0070723267,708013.163089015,6292.6906917658725,0.0018492060149747616,-87933357.70618641,-991875.9358449909,-0.291478325650639,2032804.0,18067.187837546153,18067.187837546153,0.0,0.005309326973052541,-970120.8291113386,-0.2850852457745013,2026-05-04,,-2604.7717956596753
JE00BF50RG45,YELLOW CAKE PLC,BF50RG   X,JB,GBP,ORD,L,432261.0,0.0,0.0,432261.0,0.0,0.0,7.2601935786549125,5.92,0.0,2930701.97595045,0.0,2930701.97595045,155243.63228137407,207596.56055250164,0.07083509761690333,0.0,0.0,0.0,0.0,0.0,0.0,0.0,0.0,206350.31768213212,0.0704098606325234,2026-01-26,,-1246.2428703695186
KE1000001402,SAFARICOM PLC,B2QN3J   X,AS,KES,ORD,L,4446264.0,0.0,0.0,4446264.0,0.0,0.0,0.19409876291515463,28.35,0.0,832001.41772909,0.0,832001.41772909,3312511.9582506074,31012.924265097285,0.03727508584029298,0.0,0.0,0.0,0.0,0.0,0.0,0.0,0.0,23591.001263338025,0.028354520509987338,2026-01-09,,-7421.92300175926
KR7042520007,HANS BIOMED CORPOR,,HK,KRW,ORD,L,0.0,0.0,29190.0,29190.0,0.0,28.505205871020344,14.361277713253147,0.0,0.0,0.0,0.0,832732.6132298969,-722903599.341,-412861.2629252245,-0.4957909133928008,0.0,0.0,0.0,0.0,0.0,0.0,0.0,0.0,-414700.3920144573,-0.49799946036215686,2026-05-08,2026-02-27,-1839.1290892328252
KR7402340004,SK SQUARE CO LTD,BMG3GS   X,IS,KRW,ORD,L,9883.0,5542.0,0.0,4341.0,0.0,0.0,563.911597309494,368000.0,587.6775823738262,2149679.65230608,3256909.91198311,1164764.9336389203,2688756974.172718,1535590.0856876457,0.7143343818881728,3663262386.188398,2019580.417909898,0.9394797107296349,0.0,0.0,0.0,0.0,0.0,3548316.2903399994,1.650625611371222,2026-05-13,,-6854.213257544208
KR7443060009,HD HYUNDAI MARINE,BRJRZT   X,IS,KRW,ORD,L,0.0,14059.0,21450.0,7391.0,0.0,103.62886037097257,145.31393709423907,0.0,126.78758336928031,0.0,1782507.04532191,1456918.1479555035,539461005.8816,308094.4020616629,0.26619801941947,570093169.177443,325588.8973664066,0.28131351638956403,30952350.0,17677.358811261907,17677.358811261907,0.0,0.015273493684521501,642796.3712185718,0.555385361640422,2026-04-29,2026-01-08,-8564.287020759657
KW0EQ0610166,ACTION ENERGY COMP,BW7ZNC   X,JB,KWD,ORD,L,1321349.0,0.0,0.0,1321349.0,0.0,0.0,0.7579858013794709,0.239,0.0,874451.62187994,0.0,874451.62187994,42071.291194115096,127112.15878702265,0.14536213966159792,0.0,0.0,0.0,0.0,0.0,0.0,0.0,0.0,125463.7128372956,0.14347701999519127,2026-03-05,,-1648.4459497270436
KYG020141019,AK MEDICAL HLDGS L,BFD6SZ   X,HK,HKD,ORD,L,2524875.0,3166676.0,641801.0,0.0,0.0,0.6573439628509448,0.0,5.7,0.6668816879651734,1574364.45466451,2111798.72183888,2003041.162471933,0.0,0.0,0.0,989918.2977593504,115550.25447267055,0.07339485729007633,0.0,0.0,0.0,0.0,0.0,114797.1174062895,0.07291648199130121,2026-01-27,,-753.1370663810521
KYG070341048,BAIDU INC,B0J2D4   X,HK,HKD,ORD,L,0.0,122800.0,122800.0,0.0,0.0,16.7048889243607,0.0,0.0,14.743908158966436,0.0,1810552.33835358,2051360.3599114942,0.0,0.0,0.0,-2191850.0946045946,-240808.02155791386,-0.11718024740979295,0.0,0.0,0.0,0.0,0.0,-244469.96174261463,-0.11896219409938816,2026-01-28,2026-01-19,-3661.9401847007684
KYG6181S1093,MINIMAX GROUP INC,,KX,HKD,ORD,L,0.0,0.0,19756.0,19756.0,0.0,18.127755933155456,25.862265131301786,0.0,0.0,0.0,0.0,361743.7071237186,1390822.4000000001,152802.9637185789,0.42240669487671095,0.0,0.0,0.0,0.0,0.0,0.0,0.0,0.0,148257.69259479013,0.4098418014610689,2026-01-09,2026-01-07,-4545.271123788756
KYG6391R1074,NANSHAN ALUMINIUM,,HK,HKD,ORD,L,0.0,0.0,489000.0,489000.0,0.0,7.086304592051679,7.19762,0.0,0.0,0.0,0.0,3486288.76009465,495454.7999999989,54433.23448672927,0.01561351862467395,0.0,0.0,0.0,0.0,0.0,0.0,0.0,0.0,27064.864854514133,0.007763230964775087,2026-01-23,2026-01-22,-27368.369632215137
KYG8193D1043,SKYLINE BUILDERS GRO CFD GOLDMAN,FDUSBSPRTS2,JB,USD,SWAP,S,0.0,-100000.0,0.0,100000.0,0.0,0.0,2.9255180216229553,0.0,2.81411295,0.0,11140.53355126,292551.8260005,0.0,0.0,0.0,11140.53355126,11140.53355126,0.038080546970303164,12945.289999999999,11140.522394649997,0.0,11140.522394649997,0.038080508834803704,22281.055945909997,0.07616105580510688,2026-05-20,2026-05-06,0.0
KYG8879R1048,TIME INTERCONNECT,BF5BQF   X,HK,HKD,ORD,L,0.0,1561000.0,2900000.0,1339000.0,0.0,2.307168936947058,2.2282216921775406,0.0,2.135779244488134,0.0,3333952.16746504,3601490.710574358,-962182.4999999993,-105710.36074638386,-0.028215390898287705,-2435153.020363588,-267538.54310931795,-0.07140931618139454,0.0,0.0,0.0,0.0,0.0,-412597.40639888495,-0.11012730467446114,2026-05-18,2026-05-12,-39348.50254318316
LU2237380790,ALLEGRO.EU,,AS,PLN,ORD,L,0.0,0.0,228302.0,228302.0,0.0,6.028121596847895,6.489202256956795,0.0,0.0,0.0,0.0,1377883.6960665444,447038.1461999996,105265.63686418219,0.07639660529018875,0.0,0.0,0.0,0.0,0.0,0.0,0.0,0.0,102575.55317536322,0.07444427528113329,2026-04-10,2026-04-09,-2690.083688818966
LU2791994721,AUNA S A,L0415A10 A,JB,USD,ORD,L,116418.0,0.0,0.0,116418.0,0.0,0.0,4.160924425553497,4.92,0.0,487697.6967942,0.0,487697.6967942,-9896.337897902198,-3291.1970201129443,-0.006748436668344105,0.0,0.0,0.0,0.0,0.0,0.0,0.0,0.0,-3980.48446914996,-0.008161786482312743,2026-02-10,,-689.2874490370159
LU2910446546,ZABKA GROUP SA,BRXWDB   X,AS,PLN,ORD,L,374458.0,0.0,0.0,374458.0,0.0,0.0,5.50922392889337,22.9,0.0,2030864.78207112,0.0,2030864.78207112,185863.91614619858,32108.191894433476,0.01581010817553734,0.0,0.0,0.0,0.0,0.0,0.0,0.0,0.0,30665.368030886166,0.015099660155420568,2026-02-10,,-1442.8238635473099
MA0000011462,RISMA,,AS,MAD,ORD,L,0.0,0.0,2292.0,2292.0,0.0,28.308717105263163,32.018565045668865,0.0,0.0,0.0,0.0,65383.183168223695,90109.75080000005,8502.971479409875,0.1300482947967319,0.0,0.0,0.0,0.0,0.0,0.0,0.0,0.0,7720.829859018631,0.1180858668069707,2026-02-11,2026-02-10,-782.1416203912431
MHY1096C1093,CAPITAL TANKERS CO,,JB,NOK,ORD,L,0.0,0.0,11754.0,11754.0,0.0,12.515494272334099,12.708088115351016,0.0,0.0,0.0,0.0,147107.119677015,24237.33569999999,2263.7480308208105,0.015388432835820887,0.0,0.0,0.0,0.0,0.0,0.0,0.0,0.0,2241.3428957136057,0.015236127936123327,2026-04-21,2026-02-27,-22.405135107204842
MHY641771016,OKEANIS ECO TANKERS,,VS,USD,ORD,L,0.0,0.0,2498.0,2498.0,0.0,30.981060000000003,32.49895982300001,0.0,0.0,0.0,0.0,77390.68788,4405.972400000009,3791.713757854008,0.04899444444444455,0.0,0.0,0.0,0.0,0.0,0.0,0.0,0.0,3780.962985799997,0.04885552886753844,2026-01-23,2026-01-21,-10.750772054010667
MX01AL0C0004,ALPEK SAB,B85H8C   X,JB,MXN,ORD,L,0.0,1670170.0,1670170.0,0.0,0.0,0.49600236951687493,0.0,0.0,0.5862648218829516,0.0,979162.142763,828408.277495999,0.0,0.0,0.0,3029143.940688001,150753.8652670011,0.18183468530570157,0.0,0.0,0.0,0.0,0.0,150091.13789089443,0.18103532388525376,2026-03-17,2026-03-05,-662.7273761066608
MX01Q0000008,QUALITAS CONTROLADOR CFD GOLDMAN,FDUSBYMXF65,JB,USD,SWAP,S,0.0,-196571.0,786284.0,982855.0,0.0,8.321641803750001,8.3892579672,0.0,8.51278461693,0.0,14225.34416511,1687591.7584183502,0.0,0.0,0.0,14225.34416511,14225.34416511,0.008429375229020031,-3655.019999999975,-3145.455386700007,0.0,-3145.455386700007,-0.0018638722137680975,11079.888778409993,0.006565503015251935,2026-05-20,2026-01-21,0.0
MX01VE0M0003,VESTA REAL ESTATE CO LCLS,B8F6ZF   X,JB,MXN,ORD,L,0.0,212617.0,212617.0,0.0,0.0,2.936194277706875,0.0,0.0,2.9721337150127227,0.0,631926.2994224,624284.8187432026,0.0,0.0,0.0,153542.6296120435,7641.480679197343,0.012230590674731454,0.0,0.0,0.0,0.0,0.0,7142.028374499292,0.01143119106138914,2026-05-15,2026-05-14,-499.4523046980512
MXCFFI0U0002,FIBRA MACQUARIE MEXICO,B80RZK   X,JB,MXN,ORD,L,0.0,2806820.0,2806820.0,0.0,0.0,2.018831123886964,0.0,0.0,2.1519601781170485,0.0,6040166.25632807,5666495.575148407,0.0,0.0,0.0,7508280.319734499,373670.6811796619,0.06589116184509392,506199.83,25192.457824459285,25192.457824459285,0.0,0.004442308159009767,394329.84296432976,0.06953409194718302,2026-05-06,2026-01-20,-4533.2960397914285
MXCFFM010000,FIBRA MTY SAPI DE CV CFD GOLDMAN,FDUSBTFRPD6,JB,USD,SWAP,S,0.0,-3966301.0,4165249.0,8131550.0,0.0,0.7416752465801051,0.756914697131467,0.0,0.7266099877850001,0.0,61692.70211754,2943646.612887974,0.0,0.0,0.0,61692.70211754,61692.70211754,0.020957917247075415,150032.07,129115.34896094995,0.0,129115.34896094995,0.04386238089709978,190808.05107848995,0.0648202981441752,2026-05-20,2026-03-31,0.0
NL0015000AU7,PEPCO GROUP NV,BMXNYN   X,AS,PLN,ORD,L,656500.0,284838.0,41198.0,412860.0,0.0,6.534389621583167,6.994475496726206,30.0,7.579891961036473,4664428.0443542,2159041.76297925,2003080.5852205982,-68104.18528996757,-16036.73086649157,-0.003438091597511585,662330.0619398952,129185.81943993922,0.02769596147941548,45865.72,10800.161612772596,10800.161612772596,0.0,0.00231543106894854,121638.96756864239,0.026078002793048456,2026-05-14,,-2310.282617577861
NL0015073TP4,PICS N.V.,,IS,USD,ORD,L,0.0,0.0,18682.0,18682.0,0.0,16.351115,14.7126472185,0.0,0.0,0.0,0.0,305471.53043000004,-35568.6598,-30609.855093983002,-0.10020526315789473,0.0,0.0,0.0,0.0,0.0,0.0,0.0,0.0,-30690.24251095002,-0.10046842161607857,2026-02-02,2026-01-29,-80.38741696701618
NL0015073TS8,CSG N.V.,BTQKW9   X,AS,EUR,ORD,L,0.0,226369.0,229652.0,3283.0,0.0,28.33042051234041,32.3961,0.0,18.7,0.0,4233100.3,6413128.960957986,13347.625757986423,13347.625757986423,0.002085224176489878,-2180028.6609579865,-2180028.6609579865,-0.34057356354559787,0.0,0.0,0.0,0.0,0.0,-2167950.4400000004,-0.33868665131062536,2026-02-10,2026-01-23,-1269.4048000001349
PAL1801171A1,INRETAIL PERU CORP,B7YYJD   X,JB,USD,ORD,L,50221.0,50221.0,0.0,0.0,0.0,0.0,0.0,25.2,25.17211125,1077584.57150147,1264168.88984631,1089130.3645560136,0.0,0.0,0.0,203394.8131681315,186584.31834484014,0.17315051020530098,0.0,0.0,0.0,0.0,0.0,186584.31834484008,0.17315051020530092,,,-5.820766091346741e-11
PH0000058638,OCEANAGOLD (PHILLI,BPVB0B   X,AS,PHP,ORD,L,5600100.0,5600100.0,0.0,0.0,0.0,0.0,0.0,32.2,0.5067184700737022,2609755.47980201,2837674.75677511,2513704.1993764336,0.0,0.0,0.0,23240379.928777874,227919.27697310026,0.08733357540086148,70141.25,977.7680024499879,977.7680024499879,0.0,0.00037465885597993514,228897.0449755499,0.08770823425684128,2026-03-31,,-3.4924596548080444e-10
PHY6028G1361,METRO BANK & TRUST,651444   X,AS,PHP,ORD,L,1405230.0,1405230.0,0.0,0.0,0.0,0.0,0.0,68.5,0.8830980764558194,1393112.37045583,1240956.19533052,1341839.280699105,0.0,0.0,0.0,-7236957.738317072,-152156.17512530994,-0.10922031729251248,3688728.75,51420.82499908886,51420.82499908886,0.0,0.03691075184571352,-100735.3501262211,-0.07230956544679899,2026-03-26,,-2.9103830456733704e-11
PHY7318T1017,ROBINSONS RETAIL H,,AS,PHP,ORD,L,0.0,0.0,1628340.0,1628340.0,0.0,0.5183382381923772,0.6712605759595898,0.0,0.0,0.0,0.0,845009.9906215487,17862971.298000008,249009.55947986295,0.29468238511204287,0.0,0.0,0.0,0.0,0.0,0.0,0.0,0.0,245669.48839858978,0.29072968500394547,2026-05-20,2026-01-26,-3340.0710812731704
PLBNFTS00018,BENEFIT SYSTEMS SA,B4XY9X   X,AS,PLN,ORD,L,1945.0,1813.0,0.0,132.0,0.0,0.0,923.0561195173339,3510.0,1034.6705584589706,1616847.78052317,1875858.15393518,1498466.9084760572,54119.78960605064,12743.776271136643,0.007881865209978571,1602690.9425326455,368110.0049171615,0.22767140441510866,0.0,0.0,0.0,0.0,0.0,380768.4903319077,0.23550051830401802,2026-02-10,,-85.29085639043478
PLDGNST00012,DIAGNOSTYKA SA,BS9CHB   X,AS,PLN,ORD,L,42957.0,42093.0,2423.0,3287.0,0.0,37.61036898938354,44.89490653952444,171.0,38.07606493009002,1739692.40267714,1602736.16973304,1688481.6189792622,64615.590760424086,15215.259302968661,0.008745948007564173,-364140.5478368411,-95731.85851292795,-0.05502803735051679,0.0,0.0,0.0,0.0,0.0,-80683.73903013978,-0.04637816369490316,2026-04-21,,-167.1398201804841
PLKETY000011,GRUPA KETY SA CFD GOLDMAN,FDEU5216385,AS,EUR,SWAP,S,0.0,-6434.0,9589.0,16023.0,0.0,250.00192215038064,244.10023630406295,0.0,278.329741,0.0,-116965.26,1673808.2912639999,0.0,0.0,0.0,-116965.26,-116965.26,-0.06987972315017751,-294644.52999999997,-294644.52999999997,0.0,-294644.52999999997,-0.17603242350860565,-411609.79,-0.24591214665878317,2026-05-20,2026-03-09,0.0
QA0007227737,OOREDOO,615817   X,VS,QAR,ORD,L,1011310.0,0.0,0.0,1011310.0,0.0,0.0,3.135234511962147,13.03,0.0,3081580.4212938,0.0,3081580.4212938,237333.2063579462,89113.59299863872,0.02891814615087164,0.0,0.0,0.0,0.0,0.0,0.0,0.0,0.0,83356.20602991618,0.027049823348410006,2026-01-15,,-5757.386968722538
QA000A0M8VM3,MASRAF AL RAYAN CFD GOLDMAN,FDUSB0VR7W0,VS,USD,SWAP,S,-4016284.0,0.0,16065136.0,12048852.0,0.0,0.5298944564375001,0.5342511680000002,0.602582,0.0,-14123.42810578,0.0,2068461.8240540153,14123.42810578,14123.42810578,0.006827985869277123,0.0,0.0,0.0,-167770.42999999996,-144380.7155015499,0.0,-144380.7155015499,-0.06980100566641136,-130257.28739576989,-0.06297301979713422,2026-04-28,,0.0
QA000PK2KD10,MEEZA QSTP LLC,BPG468   X,JB,QAR,ORD,L,1964410.0,1964410.0,0.0,0.0,0.0,0.0,0.0,3.399,0.8012587613293052,1561450.02758201,1574001.08536305,1578180.202976368,0.0,0.0,0.0,-17681.190388037823,12551.05778104024,0.00803807842667641,166974.85,39466.09483308157,39466.09483308157,0.0,0.025275285238680972,52017.15261412154,0.033313363665357205,2026-04-15,,-2.6921043172478676e-10
RO249YW1FZP5,ELECTRO-ALFA INTL,,AS,RON,ORD,L,0.0,0.0,418151.0,418151.0,0.0,1.6900426606013537,2.096416760235216,0.0,0.0,0.0,0.0,708069.6666672918,889825.3280000001,169925.73613599915,0.23998448759399257,0.0,0.0,0.0,0.0,0.0,0.0,0.0,0.0,166849.65263314103,0.23564016436187832,2026-03-03,2026-02-10,-3076.0835028581205
ROSNPPACNOR9,SNP PETROM,718041   X,AS,RON,ORD,L,0.0,8328407.0,8328407.0,0.0,0.0,0.19233228466385127,0.0,0.0,0.1968851958282481,0.0,1639740.42084627,1601821.5459204116,0.0,0.0,0.0,198564.24391940422,37918.87492585831,0.023625806501729886,0.0,0.0,0.0,0.0,0.0,34763.46807719162,0.021659792694975435,2026-03-20,2026-03-05,-3155.4068486666947
SA0007879048,RIYAD BANK CFD HSBC,FDUSB12LZW4,VS,USD,SWAP,S,-260000.0,0.0,606666.0,346666.0,0.0,5.484103272170992,4.815175966578782,7.23579,0.0,-20330.16314565,0.0,1598475.1573076001,20330.16314565,20330.16314565,0.01271847301017378,0.0,0.0,0.0,719941.36,619570.7352956001,0.0,619570.7352956001,0.38760110375389084,639900.8984412501,0.4003195767640646,2026-05-06,,0.0
SA0007879055,BANK AL-JAZIRA CFD GOLDMAN,FDUSB12LZQ8,VS,USD,SWAP,S,-604285.0,-604285.0,2417140.0,2417140.0,0.0,2.73059317575,2.73059317575,2.972699,2.614435715375,-15240.80216484,50824.42334119,1630688.1793392228,0.0,0.0,0.0,66065.22550603,66065.22550603,0.040513708471720526,-61696.919999999984,-53095.443898200036,0.0,-53095.443898200036,-0.03256014520183438,12969.781607829958,0.007953563269886148,2026-05-20,,0.0
SA0007879113,AL RAJHI BANK,B12LZH   X,VS,SAR,ORD,L,62245.0,0.0,7377.0,69622.0,0.0,24.538999333777483,22.370149730696756,97.5,0.0,1377687.27606212,0.0,1377687.27606212,-67095.02338199975,-1256.9095968267138,-0.0009123330226431152,0.0,0.0,0.0,0.0,0.0,0.0,0.0,0.0,-3956.9913076094235,-0.002872198485362946,2026-03-02,,-2700.0817107827097
SA0007879360,SUSTAINED INFRASTR,B133NS   X,JB,SAR,ORD,L,0.0,227525.0,227525.0,0.0,0.0,8.187767720492973,0.0,0.0,7.866239973351099,0.0,1789766.6615819,1862921.8506051635,0.0,0.0,0.0,-318986.325359839,-73155.18902326371,-0.03920830290455317,0.0,0.0,0.0,0.0,0.0,-76041.9453692662,-0.04075549072180717,2026-05-13,2026-04-28,-2886.7563460024976
SA0007879451,YAMAMAH CEMENT CO,B1343N   X,JB,SAR,ORD,L,182621.0,182621.0,0.0,0.0,0.0,0.0,0.0,23.32,5.575168914057295,966764.78612157,1018143.15642633,976680.5318265646,0.0,0.0,0.0,180793.87720053177,51378.370304759934,0.05314464391165685,173489.95,39787.56792025317,39787.56792025317,0.0,0.041155375631617086,91165.93822501312,0.09430001954327395,2026-05-03,,1.4551915228366852e-11
SA0007879519,YANBU CEMENT CO CFD HSBC,FDUSB134K61,JB,USD,SWAP,S,-305382.0,-182622.0,428142.0,305382.0,0.0,3.3126846780096217,3.311014729,3.847179,3.6923167067050007,-11900.90686478,-69636.66095455,604661.6172513762,0.0,0.0,0.0,-57735.754089769995,-57735.754089769995,-0.09548440390878572,-91271.27999999997,-78546.69449879999,0.0,-78546.69449879999,-0.12990190258123455,-136282.44858857,-0.22538630649002028,2026-05-20,,0.0
SA0007879550,SAUDI ELECTRICITY CO CFD GOLDMAN,FDUSB132NM2,JB,USD,SWAP,S,-264829.0,-264829.0,1059316.0,1059316.0,0.0,3.59083394175,3.59083394175,3.745868,3.816158330545,-2317.98719117,67426.10150516,1078055.480554067,0.0,0.0,0.0,69744.08869633,69744.08869633,0.06469434083344672,-222397.28000000003,-191391.76320880005,0.0,-191391.76320880005,-0.1775342425887341,-121647.67451247005,-0.11283990175528738,2026-05-20,,0.0
SA000A0HNF36,YANBU NATIONAL PETRO CFD HSBC,FDUSB128CF7,VS,USD,SWAP,S,0.0,-222000.0,340000.0,562000.0,0.0,8.3057640105,7.946341873071681,0.0,7.79743882621,0.0,78546.00681041999,1809577.3617661302,0.0,0.0,0.0,78546.00681041999,78546.00681041999,0.043405719186141806,-79085.06999999998,-68059.42496594999,0.0,-68059.42496594999,-0.03761067440605283,10486.581844469998,0.005795044780088979,2026-05-20,2026-03-10,0.0
SA000A0MWH44,UNITED INTL TRANSP,B2493D   X,JB,SAR,ORD,L,161417.0,0.0,43884.0,205301.0,0.0,0.0,9.804492492984897,62.4,0.0,2286522.19625152,0.0,2286522.19625152,-1295485.727986562,-273650.0829492273,-0.11967960923267831,0.0,0.0,0.0,0.0,0.0,0.0,0.0,0.0,-276769.147066416,-0.12104371762502282,2026-05-20,,-3119.064117188682
SA12U0RHUHH8,UNITED ELECTRON CO,B4P2SD   X,JB,SAR,ORD,L,68127.0,62447.0,0.0,5680.0,0.0,0.0,18.54892543808895,84.5,18.438649966688878,1306825.3018788,1151438.63929997,1210156.5525505282,-20557.01364984909,-4714.472376243939,-0.0036075765976263424,-256033.9414151078,-45314.29371424079,-0.03467509670121417,194161.95,44528.41085696203,44528.41085696203,0.0,0.03407372874778619,-5665.283522201091,-0.00433514985825283,2026-05-03,,-164.92828867839125
SA13L050IE10,THE SAUDI NAT BANK,BSHYYN   X,VS,SAR,ORD,L,179081.0,0.0,0.0,179081.0,0.0,0.0,9.134825915509207,37.88,0.0,1539930.21940184,0.0,1539930.21940184,349482.4016723812,95943.54037346406,0.06230382335813354,0.0,0.0,0.0,0.0,0.0,0.0,0.0,0.0,93407.54668556852,0.06065699958914445,2026-03-02,,-2535.993687895534
SA14TG012N13,SAUDI ARABIAN OIL CO CFD GOLDMAN,FDUSBJTM270,VS,USD,SWAP,S,-155416.0,0.0,466248.0,310832.0,0.0,5.884680230000001,5.823406578,6.353311,0.0,-4582.81753677,0.0,845114.9652310866,4582.81753677,4582.81753677,0.005422714926740036,0.0,0.0,0.0,-108389.77,-93278.61021545,0.0,-93278.61021545,-0.11037387107438582,-88695.79267868,-0.10495115614764577,2026-03-02,,0.0
SA1591410GH0,ALKHORAYEF WATER &,BN33QN   X,JB,SAR,ORD,L,62471.0,58640.0,0.0,3831.0,0.0,0.0,29.255144304062327,134.5,26.625960959360427,1907402.30316955,1561346.70976564,1808795.6892752005,-26570.874483894695,-6093.6698248427765,-0.003194748068992505,-1078978.0156633286,-227885.46575020452,-0.11947425321418817,103858.04,23818.43340530313,23818.43340530313,0.0,0.012487367434611879,-210334.4519305454,-0.11027272619993721,2026-01-27,,-173.74976080123452
SA15GG53GHH3,ELM CO CFD GOLDMAN,FDUSBNYDSH8,JB,USD,SWAP,S,-4598.0,0.0,22990.0,18392.0,0.0,147.7310331475,145.62358957024998,199.424123,0.0,2089.75260494,0.0,791227.3815271269,-2089.75260494,-2089.75260494,-0.0026411530411227986,0.0,0.0,0.0,137129.88000000006,118011.91777979989,0.0,118011.91777979989,0.14915044718501555,115922.16517485988,0.14650929414389274,2026-05-10,,0.0
SA15M1HH2NH5,SAUDI ARAMCO BASE,BMDKMB   X,VS,SAR,ORD,L,0.0,65770.0,65770.0,0.0,0.0,21.7489095422689,0.0,0.0,29.35506462358428,0.0,1930683.04434901,1430425.7805950257,0.0,0.0,0.0,2181324.7758638915,500257.2637539846,0.3492309531791079,203293.82,46622.68143496336,46622.68143496336,0.0,0.03254742041148116,544851.7602919149,0.38036249221087837,2026-04-22,2026-03-10,-2028.184897033032
SA162GIK1SH5,RASAN INFORMATION,BMDKGW   X,JB,SAR,ORD,L,61536.0,0.0,0.0,61536.0,0.0,0.0,29.557135853142817,115.9,0.0,1619027.62459676,0.0,1619027.62459676,798802.5064484496,199800.28726223652,0.12340758380327167,0.0,0.0,0.0,0.0,0.0,0.0,0.0,0.0,196963.48832842312,0.12165542164697743,2026-03-04,,-2836.7989338134066
SA165I21VPH1,TASHEEL,BR4Z2D   X,JB,SAR,ORD,L,35669.0,171623.0,135954.0,0.0,0.0,5.226864951127078,0.0,154.9,9.42114105263158,1254249.429073,1616884.86275828,1977726.995063881,0.0,0.0,0.0,-1573418.19980219,-347977.7638802511,-0.27743904506891987,0.0,0.0,0.0,0.0,0.0,-349083.31863749155,-0.278320492356528,2026-05-20,,-1105.5547572404612
SA169G7I3IH8,UMM AL QURA FOR DE,BS80BH   X,VS,SAR,ORD,L,289643.0,0.0,0.0,289643.0,0.0,0.0,3.7529207460627445,17.19,0.0,1130265.50702924,0.0,1130265.50702924,-239172.6077473268,-43258.28337738864,-0.03827267408264769,0.0,0.0,0.0,0.0,0.0,0.0,0.0,0.0,-44945.07199182478,-0.0397650567165915,2026-04-01,,-1686.78861443614
SA16CI8KMOH3,JAMJOOM FASHION TR,BTZNZM   X,JB,SAR,ORD,L,108934.0,108934.0,0.0,0.0,0.0,0.0,0.0,144.8,25.158207728181214,3580746.47681041,2740584.83099446,3617472.8574231626,0.0,0.0,0.0,-3823587.8143050447,-840161.6458159504,-0.23463309990165337,819677.02,187981.81166067955,187981.81166067955,0.0,0.05249793943192718,-652179.8341552708,-0.18213516046972622,2026-04-15,,0.0
SA16D0820P10,GAS ARABIAN SERVIC,BTXY8P   X,JB,SAR,ORD,L,459866.0,459866.0,0.0,0.0,0.0,0.0,0.0,13.08,3.19236327781479,1365465.10420041,1468059.66876837,1379470.170310247,0.0,0.0,0.0,386286.18087011296,102594.56456795993,0.07513525190234527,131061.81,30057.249236202537,30057.249236202537,0.0,0.02201246237911256,132651.81380416264,0.09714771428145795,2026-04-15,,1.7462298274040222e-10
TH0016010R14,KASIKORNBANK PCL-NVD CFD GOLDMAN,FDUS6364766,VS,USD,SWAP,S,-328800.0,-328800.0,1315200.0,1315200.0,0.0,5.199676084625,5.199676084625,6.173623,5.225638212905,-16692.10278475,-46366.74705566,1671822.829938492,0.0,0.0,0.0,-29674.64427091,-29674.64427091,-0.017749873814082176,-74230.59999999999,-63881.74090100002,0.0,-63881.74090100002,-0.03821083176819059,-93556.38517191002,-0.055960705582272764,2026-05-20,,0.0
TH0689010Z18,KRUNGTHAI CARD,BF2LWT   X,VS,THB,ORD,L,2773022.0,2061422.0,0.0,711600.0,0.0,0.0,0.8621645380850415,26.25,0.7568619990822882,1967291.0068604,1560212.3347456,1424542.0161462727,4625391.51780412,121766.36767664299,0.06189545280897204,5153544.060159087,84671.24550987224,0.043039512311398756,3283845.25,86449.31062928267,86449.31062928267,0.0,0.043943326293778534,292270.34006753546,0.14856487375193655,2026-04-30,,-616.5837482624338
TH0765010R16,AIRPORTS OF THAILAND CFD GOLDMAN,FDUS6741206,VS,USD,SWAP,S,-1075000.0,-1075000.0,4300000.0,4300000.0,0.0,1.397417923,1.397417923,1.682273,1.38209606766,-33293.005323,-41780.67992153,1443972.60248175,0.0,0.0,0.0,-8487.67459853,-8487.67459853,-0.005878002521614515,77714.92999999998,66880.30303405003,0.0,66880.30303405003,0.04631687811742627,58392.628435520026,0.04043887559581175,2026-05-20,,0.0
TH6838010010,STAR PETROLEUM PLC,,VS,THB,ORD,L,0.0,0.0,3765500.0,3765500.0,0.0,0.19663268929906447,0.1828659645891356,0.0,0.0,0.0,0.0,740954.4273272837,-1969130.1800000016,-51838.60189523712,-0.06996193015841139,0.0,0.0,0.0,0.0,0.0,0.0,0.0,0.0,-52741.029385622474,-0.0711798559269914,2026-03-27,2026-03-06,-902.4274903853511
TRAAKBNK91N6,AKBANK,B03MN7   X,VS,TRY,ORD,L,564047.0,0.0,0.0,564047.0,0.0,0.0,1.4360955151100985,69.8,0.0,780245.86572906,0.0,780245.86572906,1069353.3299725838,29779.50128224579,0.03816681714092761,0.0,0.0,0.0,0.0,0.0,0.0,0.0,0.0,28969.47598950914,0.03712865041898059,2026-01-02,,-810.0252927366491
US2017122050,COMMERCIAL INTL BK GDR,566828   X,AS,USD,ORD,L,933918.0,922911.0,0.0,11007.0,0.0,0.0,2.065576117,2.14,2.052495225,1701719.54531895,1894270.85198024,1699681.5685061647,2864.0107036806035,2464.7246514269723,0.0014483730049448388,226112.7994028197,212822.3783296824,0.12506313329661706,90541.63,77918.76865355001,77918.76865355001,0.0,0.04578825510225062,293194.50210199016,0.17229308020143666,2026-05-20,,-11.369532669195905
US40054J1097,GRUPO AEROMEXICO SAB ADR,40054J10 A,JB,USD,ORD,L,91086.0,127930.0,36844.0,0.0,0.0,14.873734991598226,0.0,21.96,13.03786275,1703136.41278883,1667934.16523314,2269392.5807186957,0.0,0.0,0.0,-698894.8395400285,-583210.1395861349,-0.3424330166431868,0.0,0.0,0.0,0.0,0.0,-583368.6877424399,-0.34252610851481524,2026-04-17,,-158.54815630498342
US44975P1030,NOVABRIDGE BIOSCIENC ADR,44975P10 F,HK,USD,ORD,L,0.0,315681.0,315681.0,0.0,0.0,2.8260866904190163,0.0,0.0,1.5146296000000001,0.0,478139.89673,892141.8725181655,0.0,0.0,0.0,-481070.4065120418,-414001.9757881655,-0.46334850317095094,0.0,0.0,0.0,0.0,0.0,-415360.2936341002,-0.4648687242750798,2026-02-24,2026-02-18,-1358.3178459346527
US4642866242,ISHARES MSCI THAILAN CFD GOLDMAN,FDUSB2QMWV8,VS,USD,SWAP,S,-39031.0,0.0,39031.0,0.0,0.0,55.133291966499996,0.0,59.67,0.0,-20937.06001344,0.0,1983123.6746903998,20937.06001344,20937.06001344,0.01055761689532986,0.0,0.0,0.0,-171537.34,-147622.46174390003,0.0,-147622.46174390003,-0.07443936231911834,-126685.40173046003,-0.06388174542378848,2026-01-21,,0.0
US46429B6065,ISHARES MSCI POLAND CFD GOLDMAN,FDUSB575DH0,AS,USD,SWAP,S,-118901.0,-82541.0,567884.0,531524.0,0.0,32.655553594394895,32.078114284885125,35.19,34.208253750000004,-113388.49694199,-97315.98117843,2726267.5140943,0.0,0.0,0.0,16072.515763560004,16072.515763560004,0.005895428706268942,-801865.3199999998,-690073.2664121997,0.0,-690073.2664121997,-0.25312015891494444,-674000.7506486397,-0.2472247302086755,2026-05-20,,0.0
US46627J3023,JSC HALYK BANK GDR,B1KDG4   X,JB,USD,ORD,L,62752.0,62752.0,0.0,0.0,0.0,0.0,0.0,29.95,27.06539825,1600257.48222559,1698408.26162475,1617403.4605667773,0.0,0.0,0.0,94127.60047871247,98150.77939916012,0.061334366806181075,0.0,0.0,0.0,0.0,0.0,98150.77939916006,0.06133436680618104,,,-5.820766091346741e-11
US48581R2058,KASPI KZ JSC ADR,48581R20 F,JB,USD,ORD,L,22493.0,0.0,9938.0,32431.0,0.0,64.35803597304096,68.6389173994619,78.13,0.0,1496341.34275606,0.0,1496341.34275606,86063.15277439251,90097.225925808,0.06021167988305463,0.0,0.0,0.0,0.0,0.0,0.0,0.0,0.0,89756.06352579023,0.05998368217272645,2026-04-14,,-341.16240001776896
US63253R2013,KAZATOMPROM JSC NA GDR,BGXQL3   X,JB,USD,ORD,L,61515.0,68099.0,6584.0,0.0,0.0,73.6922494432014,0.0,55.8,58.519780000000004,2922676.146281,3985139.41480394,3439180.9658862,0.0,0.0,0.0,634403.8635553024,577273.4981889011,0.1975153829217311,0.0,0.0,0.0,0.0,0.0,574666.8574803396,0.19662351513409462,2026-01-28,,-2606.640708561521
US63654D1164,NATIONAL INVES &RECO ADR,,JB,USD,ORD,L,0.0,0.0,55263.0,55263.0,0.0,21.514625000000002,23.503315336860695,0.0,0.0,0.0,0.0,1194907.77164275,127704.98450000004,109900.99408593253,0.09197445752222491,0.0,0.0,0.0,0.0,0.0,0.0,0.0,0.0,103817.6353302002,0.08688338781785017,2026-05-19,2026-05-13,-6083.3587557323335
US66980N2036,NOVA LJUBLJANSKA GDR,BGRPD2   X,AS,EUR,ORD,L,80760.0,63595.0,0.0,17165.0,0.0,0.0,39.19120302942033,36.1,43.5,2915436.0,2766382.5,2295779.5,53060.5,53060.5,0.018199850725586157,470603.0,470603.0,0.16141770904934974,77893.02,77893.02,77893.02,0.0,0.026717451523545706,601253.56,0.2062310954519324,2026-02-18,,-302.95999999996275
VN000000ACB8,ASIA COMMERCIAL BK,B1GJZD   X,SB,VND,ORD,L,1976582.0,0.0,0.0,1976582.0,0.0,0.0,0.7628617848873214,24000.0,0.0,1535804.02424813,0.0,1535804.02424813,-1226373627.3107576,-27945.151751978658,-0.018195779741923466,0.0,0.0,0.0,0.0,0.0,0.0,0.0,0.0,-31670.215733704623,-0.020621261068259754,2026-02-10,,-3725.0639817259653
VN000000FPT1,FPT CORPORATION,B1HMWH6,SB,VND,ORD,L,1810844.0,935144.0,0.0,875700.0,0.0,0.0,2.3643231228138895,95800.0,2.535307019921522,5616377.24318458,2370877.65821896,2923167.750469847,-20439028193.559315,-666913.9209717482,-0.11874450238915876,-16926131561.463623,-508147.9053457503,-0.09047609933296111,0.0,0.0,0.0,0.0,0.0,-1180175.8075810524,-0.21013114975728964,2026-05-13,,-5113.9812635539565
VN000000GMD0,GEMADEPT CORP,B16GK9   X,SB,VND,ORD,L,1097613.0,1097613.0,0.0,0.0,0.0,0.0,0.0,61000.0,2.541832906716687,2167648.20555743,2789949.44283554,2184684.940821326,0.0,0.0,0.0,18549647611.499207,622301.2372781098,0.2870859006007755,0.0,0.0,0.0,0.0,0.0,622301.2372781099,0.28708590060077555,,,1.1641532182693481e-10
VN000000HDB1,HO CHI MINH CITY D,BYX335   X,SB,VND,ORD,L,5317317.0,5112917.0,0.0,204400.0,0.0,0.0,0.9223202772420056,29700.0,0.8418393965762583,5112799.06319024,4304255.88860644,4954900.410717029,-293007773.4727566,-9560.677798932496,-0.0018699498417148643,-19940417066.15779,-610460.2321166017,-0.11939843998791769,0.0,0.0,0.0,0.0,0.0,-620486.5599174562,-0.1213594651870184,2026-01-30,,-465.65000192204025
VN000000MBB5,MILITARY COMMERCIA,B6SDL0   X,SB,VND,ORD,L,6933300.0,6729900.0,0.0,203400.0,0.0,0.0,0.8832405980248595,25300.0,0.8026840758052695,5678978.66210004,5401984.72465314,5555701.071560841,359777657.853016,11739.34133289157,0.002067157147681632,-4710971910.257294,-109082.14114153603,-0.019208056172057942,0.0,0.0,0.0,0.0,0.0,-97786.53810738289,-0.017219036014342447,2026-01-30,,-443.7382987384335
VN000000MWG0,MOBILE WORLD INVES,BP3RNW5,SB,VND,ORD,L,2063674.0,2001374.0,0.0,62300.0,0.0,0.0,3.0250680141357686,88400.0,2.51899230293361,5906131.07458487,5041446.7865693,5772849.779485236,268497489.62527114,8760.921110402265,0.0014833604266085566,-22415436119.97232,-684983.4718453146,-0.11597837284596003,0.0,0.0,0.0,0.0,0.0,-676688.0512127783,-0.11457382890208569,2026-01-30,,-465.5004778659204
VN000000NLG1,NAM LONG INVESTMEN,B9FCRR   X,SB,VND,ORD,L,2524410.0,2524410.0,0.0,0.0,0.0,0.0,0.0,30450.0,0.8369449814798847,2488610.40321436,2112792.73552088,2508169.756298426,0.0,0.0,0.0,-12117189071.39154,-375817.66769348003,-0.15101506736774195,0.0,0.0,0.0,0.0,0.0,-375817.6676934799,-0.1510150673677419,,,1.1641532182693481e-10
VN000000PNJ6,PHUNHUAN JEWELRY,B64FX5   X,SB,VND,ORD,L,1564993.0,2278039.0,759346.0,46300.0,0.0,0.0,4.103232367447973,97000.0,2.147016755609217,4914664.28515772,4890988.9558199,4806749.207667132,1331237954.4229667,43437.54093995514,0.008838353633052102,2581710372.7629395,122866.78833506719,0.025000036870498916,1564993000.0,51064.83576612667,51064.83576612667,0.0,0.010390299886879846,216899.91527980164,0.044133210875631754,2026-05-20,,-469.2497613473388
VN000000SSI1,SSI SECURITIES CORP CFD HSBC,FDUSB1LB8G0,SB,USD,SWAP,S,-1284000.0,-1426800.0,1426800.0,1569600.0,0.0,0.9622200885000002,0.9193067016639909,1.15019,0.8891521190750001,-17202.74177976,104206.73832607,1372847.734847358,0.0,0.0,0.0,121409.48010583,121409.48010583,0.08843623150919143,88142.27000017164,75853.91542773692,0.0,75853.91542773692,0.05525297052420081,197263.39553356695,0.14368920203339225,2026-05-20,,0.0
VN000000TCB8,VIETNAM TECHNOLOGI,BFWX744,SB,VND,ORD,L,1888300.0,1617600.0,202300.0,473000.0,0.0,1.0115124532505428,1.249707321274058,34900.0,1.0588251325154878,2133566.30264332,1712755.90306392,1816326.9862752827,1608192481.4006646,52474.41039227949,0.024594694023461018,-3174161197.160248,-86802.21630163473,-0.040684096010559244,0.0,0.0,0.0,0.0,0.0,-36088.656054733205,-0.016914710365467534,2026-04-09,,-1760.8501453779609
VN000000VCK5,VPS SECURITIES JSC,BQ71R8   X,SB,VND,ORD,L,2363400.0,1219200.0,1219200.0,2363400.0,0.0,0.0,1.1925600447698075,50100.0,1.0930860381901029,3833404.78387464,1332690.7846512,0.0,-32027438906.81806,-1045037.2032247556,-0.2726133195275238,40843208792.36296,1362819.6138102787,0.35551153364837185,0.0,0.0,0.0,0.0,0.0,310820.72443227144,0.08108215593087127,2026-05-20,2026-05-20,-6961.686153251678
VN000000VNM8,VIETNAM DAIRY PROD,,SB,VND,ORD,L,0.0,0.0,1136500.0,1136500.0,0.0,2.1959609065729526,1.9908083292357526,0.0,0.0,0.0,0.0,2496882.553834526,-7145569988.019999,-233155.90414372776,-0.09337880301404819,0.0,0.0,0.0,0.0,0.0,0.0,0.0,0.0,-238757.48541118717,-0.09562223302995218,2026-04-02,2026-02-26,-5601.581267459405
VNMIRSSI2514,SSI SECURITIES CORP CFD HSBC,FDUSBVMVCJ0,SB,USD,SWAP,S,-714000.0,0.0,714000.0,0.0,0.0,0.0,0.0,0.11597,0.0,-70503.28238749,0.0,0.0,70503.28238749,70503.28238749,0.0,0.0,0.0,0.0,84798.93000000001,72976.68717405,0.0,72976.68717405,0.0,143479.96956154,0.0,2026-01-08,,0.0
Z9E17287A,Skyline Builders Cla,Z9E17287A,JB,USD,ORD,L,0.0,200.0,200.0,0.0,0.0,4302.925,0.0,0.0,4302.925,0.0,860585.197935,860585.0,0.0,0.0,0.0,0.23000052280258387,0.19793499991606164,2.3000052280258387e-07,0.0,0.0,0.0,0.0,0.0,0.1979349999455735,2.3000052283687666e-07,2026-02-09,2026-02-09,2.9511865173859064e-11
