ISIN,Security Name,Currency,HiPort Close,Yahoo Ticker,Yahoo Price,Google Ticker,Google Price,HiPort vs Yahoo Var
KYG371091086,FU SHOU YUAN INT,HKD,4.815,1448.HK,2.64,HKG:1448,UNAVAILABLE_HISTORICAL,45.17%
PLENERG00022,ENERGA SA,PLN,15.825,ENG.WA,18.86,WSE:ENERGA,UNAVAILABLE_HISTORICAL,19.18%
AT0000606306,RAIFFEISEN INT NEW,EUR,28.2625,RBI.VI,48.24,NO TICKER,VIA_SHEET,70.69%
GRS014003008,PIRAEUS BANK GS SWAP,EUR,1.665,BLANK,FETCH_FAIL,NO TICKER,VIA_SHEET,
EGS3C0O1C016,ARABIAN CEMENT,EGP,10.895,ARCC.CA,55.88,NO TICKER,VIA_SHEET,412.90%
DE000A1E8NW9,AFRICAN DEV CORP,EUR,10.26,BLANK,FETCH_FAIL,NO TICKER,VIA_SHEET,
US66978B2034,NOSTRUM OIL&GAS GDR,USD,12.375,BLANK,FETCH_FAIL,NO TICKER,VIA_SHEET,
PAP169941328,BANCO LAT GS SWAP,USD,29.765,BLANK,FETCH_FAIL,NO TICKER,VIA_SHEET,
SG1AG3000000,YOMA STRATEGIC RIGHT,SGD,0.167,BLANK,FETCH_FAIL,NO TICKER,VIA_SHEET,
PLPKPCR00011,PKP CARGO SA,PLN,68.0,PKP.WA,13.43,WSE:PKP,UNAVAILABLE_HISTORICAL,80.25%
LU0327357389,KERNEL HOLDING SA,PLN,29.2,BLANK,FETCH_FAIL,NO TICKER,VIA_SHEET,
EGS37091C013,EASTERN TOBACCO,EGP,213.76,EAST.CA,38.00,NO TICKER,VIA_SHEET,82.22%
XS1253843665,PHOENIX HSBC PNOTE,USD,0.2849,BLANK,FETCH_FAIL,NO TICKER,VIA_SHEET,
AEDFXA14NUL7,ORASCOM CONS DUBAI,USD,12.465,BLANK,FETCH_FAIL,NO TICKER,VIA_SHEET,
KW0EQ0100077,BURGAN BANK GS SWAP,USD,1.582359,BURG.KW,193.00,NO TICKER,VIA_SHEET,12096.98%
CA9600081009,WESTERNZAGROS,CAD,1.045,BLANK,FETCH_FAIL,NO TICKER,VIA_SHEET,
CL0001762831,CFR PHARM SA LOCAL,CLP,108.495,BLANK,FETCH_FAIL,NO TICKER,VIA_SHEET,
XS1252372401,FXPO 10.375 2019,USD,85.764,BLANK,FETCH_FAIL,NO TICKER,VIA_SHEET,
KYG9362V1077,VIETNAM RESOURCE,USD,0.105,BLANK,FETCH_FAIL,NO TICKER,VIA_SHEET,
XS1305228071,EM REIT HSBC PNOTE,USD,1.231,BLANK,FETCH_FAIL,NO TICKER,VIA_SHEET,
DE000DE3BRQ2,SAMBA DB PNOTE BONUS,USD,7.051829,BLANK,FETCH_FAIL,NO TICKER,VIA_SHEET,
XS1860315552,MOUWASAT CS PNOTE,USD,33.730687,BLANK,FETCH_FAIL,NO TICKER,VIA_SHEET,
DE000DX6QGE9,ALHOKAIR DB PNOTE,USD,17.816467,BLANK,FETCH_FAIL,NO TICKER,VIA_SHEET,
US55302T2042,MHP GDR GS SWAP,USD,9.2,BLANK,FETCH_FAIL,NO TICKER,VIA_SHEET,
US40053W1018,GRUPO AVAL ADR,USD,9.395,AVAL,5.28,NO TICKER,VIA_SHEET,43.80%
GB00B1XH2C03,FERREXPO GBP GS SWAP,GBP,0.60125,FXPO.L,0.00,NO TICKER,VIA_SHEET,99.52%
KYG6846J1067,PACIFIC ALLIANCE ASI,USD,1.71625,BLANK,FETCH_FAIL,NO TICKER,VIA_SHEET,
AEF000201010,FIRST GULF GS SWAP,USD,3.124192,BLANK,FETCH_FAIL,NO TICKER,VIA_SHEET,
NGASHAKACEM8,ASHAKA CEMENT,NGN,28.665821,BLANK,FETCH_FAIL,NO TICKER,VIA_SHEET,
AED001501025,DUBAI PARKS RTS,AED,0.375,BLANK,FETCH_FAIL,NO TICKER,VIA_SHEET,
XS1609318412,SAMBA HSBC PNOTE,USD,5.524236,BLANK,FETCH_FAIL,NO TICKER,VIA_SHEET,
XS0628652884,GTB 7.5% 2016,USD,100.509,BLANK,FETCH_FAIL,NO TICKER,VIA_SHEET,
PK0099701010,ENGRO FERTILIZER LTD,PKR,63.95,BLANK,FETCH_FAIL,NO TICKER,VIA_SHEET,
BMG702781094,PETRA DIAMONDS LTD,GBP,0.86625,BLANK,FETCH_FAIL,NO TICKER,VIA_SHEET,
GB00B8HX8Z88,MEDICLINIC GS SWAP,ZAR,198.02,BLANK,FETCH_FAIL,NO TICKER,VIA_SHEET,
ROCOTEACNOR7,CONPET SA PLOISESTI,RON,71.2,COTE.RO,76.20,NO TICKER,VIA_SHEET,7.02%
USU1738N8553,TALLINK CITI PNOTE,EUR,0.925,BLANK,FETCH_FAIL,NO TICKER,VIA_SHEET,
KYG6583A1022,NORD ANGLIA,USD,23.225,BLANK,FETCH_FAIL,NO TICKER,VIA_SHEET,
GB00B3SXM832,BLACKRCKFRNT ML SWAP,GBP,1.48625,,FETCH_FAIL,NO TICKER,VIA_SHEET,
AEN000501017,TABREED,AED,1.865,TABREED.AE,2.66,ADX:TABREED,UNAVAILABLE_HISTORICAL,42.63%
PK0083501012,ALLIED BANK LTD,PKR,105.745,BLANK,FETCH_FAIL,NO TICKER,VIA_SHEET,
JE00BLKGSR75,IDH PLC,USD,2.939,,FETCH_FAIL,NO TICKER,VIA_SHEET,
US29244A1025,EDENOR ADR,USD,37.46,EDN,28.33,NO TICKER,VIA_SHEET,24.39%
KYG875721634,TENCENT GS SWAP,HKD,199.65,BLANK,FETCH_FAIL,NO TICKER,VIA_SHEET,
KYG5307W1015,KOLAO HOLDINGS,KRW,5795.0,BLANK,FETCH_FAIL,NO TICKER,VIA_SHEET,
PHY6033N1001,METRO RETAIL STORES,PHP,3.725,BLANK,FETCH_FAIL,PSE:METRO,UNAVAILABLE_HISTORICAL,
KW0EQ0200653,KUWAIT PROJ GS SWAP,USD,1.000467,,FETCH_FAIL,NO TICKER,VIA_SHEET,
UG0000001145,UMEME,UGX,531.0,,FETCH_FAIL,NO TICKER,VIA_SHEET,
IM00B1G3MS12,ORIGO PARTNERS PLC,GBP,0.0175,BLANK,FETCH_FAIL,NO TICKER,VIA_SHEET,
PHY7690Y1083,SHAKEYS PIZZA,PHP,12.12,BLANK,FETCH_FAIL,PSE:SHAKEYS,UNAVAILABLE_HISTORICAL,
ID1000063100,ULTRAJAYA MILK,IDR,4425.0,ULTJ.JK,1520.00,NO TICKER,VIA_SHEET,65.65%
AED001501017,DXB GS SWAP,USD,0.096108,BLANK,FETCH_FAIL,NO TICKER,VIA_SHEET,
SE0009778848,MEDICOVER AB,SEK,78.3,MCOV-B.ST,204.50,NO TICKER,VIA_SHEET,161.17%
DE000DL3UB55,VIETJET DB PNOTE,USD,5.729635,BLANK,FETCH_FAIL,NO TICKER,VIA_SHEET,
NL0011871496,JARIR JP PNOTE,USD,46.915818,BLANK,FETCH_FAIL,NO TICKER,VIA_SHEET,
AEA002301017,ARAMEX,AED,3.975,ARMX.AE,1.85,ADX:ARAMEX,UNAVAILABLE_HISTORICAL,53.46%
GB00BYSS4K11,GEORGIA HEALTHCARE,GBP,2.34,,FETCH_FAIL,NO TICKER,VIA_SHEET,
US40052A4076,GRUPO CLARIN ARG GDR,USD,6.199783,GCLA,FETCH_FAIL,NO TICKER,VIA_SHEET,
DE000DX6QFA9,SAMBA DB PNOTE,USD,8.129648,BLANK,FETCH_FAIL,NO TICKER,VIA_SHEET,
PK0052401012,DG KHAN CEMENT,PKR,96.03,BLANK,FETCH_FAIL,NO TICKER,VIA_SHEET,
XS1807174476,ECONET SB PNOTE,USD,0.157875,BLANK,FETCH_FAIL,NO TICKER,VIA_SHEET,
VGG9055P1100,UNION AGRCLT NEW,USD,2.355,BLANK,FETCH_FAIL,NO TICKER,VIA_SHEET,
GHEMTN051541,MTN GHANA,GHS,0.695,,FETCH_FAIL,NO TICKER,VIA_SHEET,
ROMEDLRGH018,MEDLIFE RIGHT SHARES,RON,36.4,BLANK,FETCH_FAIL,NO TICKER,VIA_SHEET,
VN000000NVL0,NOVALAND VIETNAM,VND,61650.0,NVL.VN,15250.00,NO TICKER,VIA_SHEET,75.26%
ZAU000015406,ROCKCASTLE GS SWAP,ZAR,1e-06,BLANK,FETCH_FAIL,NO TICKER,VIA_SHEET,
EGS65541C012,CAIRO INV & REAL EST,EGP,6.0,OCDI.CA,21.25,NO TICKER,VIA_SHEET,254.17%
SA0007879170,NIC GS SWAP,USD,3.489922,1030.SR,13.62,TADAWUL:1030,UNAVAILABLE_HISTORICAL,290.27%
XS2027913107,ARAB BANK HSBC PNOTE,USD,7.985891,BLANK,FETCH_FAIL,NO TICKER,VIA_SHEET,
AEDFXA1XE5D7,EMIRATES REIT,USD,0.22,BLANK,FETCH_FAIL,NO TICKER,VIA_SHEET,
KW0EQ0601058,MOBILE TELE COMMS,KWD,0.4925,ZAIN.KW,587.00,NO TICKER,VIA_SHEET,119087.82%
US48138M1053,JUMIA ADR GS SWAP,USD,36.745,BLANK,FETCH_FAIL,NO TICKER,VIA_SHEET,
AED000901010,DUBAI FIN MK GS SWAP,USD,0.170297,BLANK,FETCH_FAIL,NO TICKER,VIA_SHEET,
US58733R1023,MERCADOLIBRE GS SWAP,USD,320.975,BLANK,FETCH_FAIL,NO TICKER,VIA_SHEET,
ARTGNO010117,TGN,ARS,53.2,BLANK,FETCH_FAIL,NO TICKER,VIA_SHEET,
ROSNGNACNOR3,ROMGAZ,RON,32.725,SNG.RO,13.22,NO TICKER,VIA_SHEET,59.60%
GB00B0LCW083,HIKMA PHARMA,GBP,26.125,HIK.L,14.40,NO TICKER,VIA_SHEET,44.88%
QA0006929879,QIIB GS SWAP USD,USD,2.517136,QIIK.QA,11.22,NO TICKER,VIA_SHEET,345.74%
KE0000000554,EQUITY BANK LTD,KES,40.375,,FETCH_FAIL,NO TICKER,VIA_SHEET,
XS1930086746,ALAWWAL BK MS PNOTE,USD,3.907302,BLANK,FETCH_FAIL,NO TICKER,VIA_SHEET,
XS1743820182,NAT MED HSBC PNOTE,USD,11.140873,BLANK,FETCH_FAIL,NO TICKER,VIA_SHEET,
US87238U2033,TCS GROUP GS SWAPUSD,USD,31.55,,FETCH_FAIL,NO TICKER,VIA_SHEET,
TRVXIST026Z6,ISE30 APR21 GSFTSWAP,TRY,1432.625,BLANK,FETCH_FAIL,NO TICKER,VIA_SHEET,
GG00B979FD04,GLOBALWORTH REAL EST,EUR,5.9,GWI.L,0.02,NO TICKER,VIA_SHEET,99.70%
XS1928467908,CASSAVA SB PNOTE,USD,2.442921,BLANK,FETCH_FAIL,NO TICKER,VIA_SHEET,
LU0974299876,GLOBANT HSBC SWAP,USD,106.8,BLANK,FETCH_FAIL,NO TICKER,VIA_SHEET,
RU0007775219,MBT LOCALS,USD,7.285478,BLANK,FETCH_FAIL,NO TICKER,VIA_SHEET,
GRS323003004,EUROBANK ERGASIAS SA,EUR,0.2475,EUROB.AT,3.99,NO TICKER,VIA_SHEET,1512.53%
ROSIFEACNOR4,SIF 5,RON,1.9225,,FETCH_FAIL,NO TICKER,VIA_SHEET,
US48122U2042,SISTEMA GDR GS SWAP,USD,23.485,,FETCH_FAIL,NO TICKER,VIA_SHEET,
GB00BF5SDZ96,STOCK SPIRITS GROUP,GBP,3.0825,,FETCH_FAIL,NO TICKER,VIA_SHEET,
US48668G2057,KCELL GDR,USD,9.775,BLANK,FETCH_FAIL,NO TICKER,VIA_SHEET,
RU000A0B6NK6,TMK,USD,2.75033,BLANK,FETCH_FAIL,NO TICKER,VIA_SHEET,
TREEGYO00017,EMLAK KONUT,TRY,2.695,EKGYO.IS,19.29,NO TICKER,VIA_SHEET,615.77%
DE000DB9JRJ0,IRB DB PNOTE,USD,3.794751,BLANK,FETCH_FAIL,NO TICKER,VIA_SHEET,
LK009A22GB71,JK DB PNOTE WTS 2,USD,0.573645,BLANK,FETCH_FAIL,NO TICKER,VIA_SHEET,
XS1084156576,SAMBA HSBC PNOTE BNS,USD,6.997667,BLANK,FETCH_FAIL,NO TICKER,VIA_SHEET,
PLPKN0000018,PKN GS SWAP,USD,14.080242,BLANK,FETCH_FAIL,WSE:PKN,UNAVAILABLE_HISTORICAL,
AT0000809058,IMMOFINANZ,EUR,2.1065,,FETCH_FAIL,NO TICKER,VIA_SHEET,
QA000A0KD6L1,QAT GAS TRAN GS SWAP,USD,6.084987,BLANK,FETCH_FAIL,NO TICKER,VIA_SHEET,
GB00BGP6Q951,NOSTRUM OIL GAS PLC,GBP,7.525,BLANK,FETCH_FAIL,NO TICKER,VIA_SHEET,
CA68764K1084,ORYX PETROLEUM,CAD,5.925,BLANK,FETCH_FAIL,NO TICKER,VIA_SHEET,
EGS920I1C016,GB AUTO RIGHTS,EGP,3.19,AUTO.CA,FETCH_FAIL,NO TICKER,VIA_SHEET,
EGS673T1C012,GB AUTO,EGP,2.96,AUTO.CA,FETCH_FAIL,NO TICKER,VIA_SHEET,
NO0003921009,DNO ASA,NOK,16.02,DNO.OL,18.12,NO TICKER,VIA_SHEET,13.11%
EGS305I1C011,EDITA FOOD INDUSTRIE,EGP,33.23,EFID.CA,28.87,NO TICKER,VIA_SHEET,13.12%
XS0614325586,FXPO 7.785% 2016,USD,92.5175,BLANK,FETCH_FAIL,NO TICKER,VIA_SHEET,
EGS95001C011,ORASCOM CONSTRUCTION,EGP,100.995,ORAS.CA,71.05,NO TICKER,VIA_SHEET,29.65%
PHY9730B1062,XURPAS INC,PHP,11.87,,FETCH_FAIL,PSE:XURPAS,UNAVAILABLE_HISTORICAL,
PHY716171079,PUREGOLD,PHP,35.975,BLANK,FETCH_FAIL,PSE:PUREGOLD,UNAVAILABLE_HISTORICAL,
USP989MJAU54,YPF 8.875% 12/18,USD,108.8,BLANK,FETCH_FAIL,NO TICKER,VIA_SHEET,
XS1150999818,DUBAI PRK HSBC PNOTE,USD,0.428816,BLANK,FETCH_FAIL,NO TICKER,VIA_SHEET,
IM00B23XCH02,NEP ZAR GS SWAP,ZAR,175.6,BLANK,FETCH_FAIL,NO TICKER,VIA_SHEET,
US87217U2087,TBC BANK GDR,USD,13.0,BLANK,FETCH_FAIL,NO TICKER,VIA_SHEET,
ZAE000074142,MEDICLINIC GS SWAP,ZAR,120.25,BLANK,FETCH_FAIL,NO TICKER,VIA_SHEET,
RU000A0JNAA8,POLYUS LOCAL,USD,65.399717,BLANK,FETCH_FAIL,NO TICKER,VIA_SHEET,
NGGUARANTY06,GT BANK GS SWAP,USD,0.116288,BLANK,FETCH_FAIL,NO TICKER,VIA_SHEET,
NGZENITHBNK9,ZENITH BANK GS SWAP,USD,0.065034,BLANK,FETCH_FAIL,NO TICKER,VIA_SHEET,
PK0018103017,KOHINOOR TEXT RIGHTS,PKR,1.25,BLANK,FETCH_FAIL,NO TICKER,VIA_SHEET,
VGG812641063,SIERRA RUTILE LTD,GBP,0.22125,BLANK,FETCH_FAIL,NO TICKER,VIA_SHEET,
VGG402261058,GOBI COAL,USD,1e-06,BLANK,FETCH_FAIL,NO TICKER,VIA_SHEET,
PK0066201010,MAPLE LEAF CEMENT,PKR,69.99,BLANK,FETCH_FAIL,NO TICKER,VIA_SHEET,
US8792732096,TELECO ARGENTINA ADR,USD,21.935,TEO,14.80,NO TICKER,VIA_SHEET,32.53%
PK0108001014,HASCOL PETROLEUM,PKR,256.88,BLANK,FETCH_FAIL,NO TICKER,VIA_SHEET,
XS1650080739,ALMARAI HSBC PNOTE,USD,13.53207,BLANK,FETCH_FAIL,NO TICKER,VIA_SHEET,
US6976602077,PAMPA ENERGIA ADR,USD,35.75,PAM,88.51,NO TICKER,VIA_SHEET,147.59%
IM00BDD7WV31,NEPI ROCK GS SWAP,ZAR,139.12,BLANK,FETCH_FAIL,NO TICKER,VIA_SHEET,
ARCABH300011,CABLEVISION HOLDINGS,ARS,349.75,BLANK,FETCH_FAIL,NO TICKER,VIA_SHEET,
XS1846642244,SB ZIM CLN 0% 2018,USD,46.0485,BLANK,FETCH_FAIL,NO TICKER,VIA_SHEET,
US54150E1047,LOMA NEGRA ADR,USD,6.825,LOMA,12.29,NO TICKER,VIA_SHEET,80.07%
DE000DM7GUD4,VIN RETAIL DB PNOTE,USD,2.198987,BLANK,FETCH_FAIL,NO TICKER,VIA_SHEET,
ROSFGPACNOR4,SPHERA FRANCHISE,RON,29.1,SFG.RO,37.70,NO TICKER,VIA_SHEET,29.55%
US07329M1009,BANCO FRANCES ADR,USD,17.125,BBAR,18.49,NO TICKER,VIA_SHEET,7.94%
PK0080201012,OIL&GAS DEV GS SWAP,USD,1.185073,BLANK,FETCH_FAIL,NO TICKER,VIA_SHEET,
PK0004901010,ADAMJEE INSURANCE,PKR,44.15,BLANK,FETCH_FAIL,NO TICKER,VIA_SHEET,
NL0012328801,DOMINOS EURASIA UK,GBP,0.7775,,FETCH_FAIL,NO TICKER,VIA_SHEET,
PK0071501016,LUCKY CEMENT,PKR,489.3,BLANK,FETCH_FAIL,NO TICKER,VIA_SHEET,
NGDANGCEM008,DANGOTE CEM MS SWAP,USD,0.610238,,FETCH_FAIL,NO TICKER,VIA_SHEET,
DE000DM096U8,VP BANK DB PNOTE,USD,1.029683,BLANK,FETCH_FAIL,NO TICKER,VIA_SHEET,
VN000000DHG0,DHG PHARMA JSC,VND,82349.999998,DHG.VN,93800.00,NO TICKER,VIA_SHEET,13.90%
US37950E6894,MSCI PAK HSBC SWAP,USD,9.265,BLANK,FETCH_FAIL,NO TICKER,VIA_SHEET,
CWN564923464,EMIRATES NBD ML WRNT,USD,2.606861,BLANK,FETCH_FAIL,NO TICKER,VIA_SHEET,
US42207L1061,HEADHUNTER GROUP ADR,USD,16.185,,FETCH_FAIL,NO TICKER,VIA_SHEET,
HU0000120720,WABERERS INT ZRT,HUF,1632.5,WABERERS.BD,4520.00,NO TICKER,VIA_SHEET,176.88%
PLEURCH00011,EUROCASH GS SWAP PLN,PLN,21.21,BLANK,FETCH_FAIL,WSE:EUROCASH,UNAVAILABLE_HISTORICAL,
SA000A0DM9P2,ETIHAD ETIS GS SWAP,USD,5.839611,7010.SR,43.42,TADAWUL:7010,UNAVAILABLE_HISTORICAL,643.54%
KE0000000315,KENYA COMM BANK LTD,KES,35.05,,FETCH_FAIL,NO TICKER,VIA_SHEET,
GB00BH3VJ782,NETWORK INT GS SWAP,GBP,4.094,NET.L,1.25,NO TICKER,VIA_SHEET,69.41%
VN000000HPG4,HOA PHAT GROUP JSC,VND,23275.0,HPG.VN,24050.00,NO TICKER,VIA_SHEET,3.33%
XS1987708333,OLD MUTUAL SB PNOTE,USD,0.529025,BLANK,FETCH_FAIL,NO TICKER,VIA_SHEET,
ES0105375002,AMREST HOLDINGS SE,PLN,24.8,EAT.WA,10.28,NO TICKER,VIA_SHEET,58.55%
US4642872349,ISHARES EM GS SWAP,USD,48.085,BLANK,FETCH_FAIL,NO TICKER,VIA_SHEET,
SA0007879154,SAUDI CERAMIC CO,SAR,24.24,2040.SR,27.80,TADAWUL:2040,UNAVAILABLE_HISTORICAL,14.69%
US66981G2075,AB IGNITIS GRUPE GDR,EUR,19.65,GRG1L.VS,1.02,NO TICKER,VIA_SHEET,94.81%
LU1642887738,PLAY COMMUNICATIONS,PLN,29.22,BLANK,FETCH_FAIL,NO TICKER,VIA_SHEET,
QA0006929853,QIB GS SWAP,USD,4.417894,QIBK.QA,22.06,NO TICKER,VIA_SHEET,399.33%
CZ0008040318,MONETA MONEY BANK,CZK,65.2,MONET.PR,186.40,NO TICKER,VIA_SHEET,185.89%
LT0000115768,AB IGNITIS GRUPE,EUR,20.175,IGN1L.VS,21.10,NO TICKER,VIA_SHEET,4.58%
QA000A0Q5NE9,VODAFONE QTR GS SWAP,USD,2.359148,VFQS.QA,2.67,NO TICKER,VIA_SHEET,13.18%
SA0007879089,SAUDI BRIT GS SWAP,USD,6.670576,1060.SR,33.86,TADAWUL:1060,UNAVAILABLE_HISTORICAL,407.60%
BRWESTACNOR3,WESTWING,BRL,11.285,WEST3.SA,8.21,NO TICKER,VIA_SHEET,27.25%
US44853H1086,HUUUGE INC,PLN,37.3375,,FETCH_FAIL,NO TICKER,VIA_SHEET,
PLOPTTC00011,CD PROJ HSBC SWAP EU,EUR,39.706468,BLANK,FETCH_FAIL,WSE:CD,UNAVAILABLE_HISTORICAL,
US81141R1005,SEA LTD ADR,USD,206.3,SEA,17.24,NO TICKER,VIA_SHEET,91.64%
US23292E1082,DIDI GLOBAL INC,USD,14.275,BLANK,FETCH_FAIL,NO TICKER,VIA_SHEET,
VN0FUEVFVND5,VFMVN DIAMOND ETF,VND,25781.46,BLANK,FETCH_FAIL,NO TICKER,VIA_SHEET,
PLDINPL00011,DINO EUR GS SWAP,EUR,63.525757,DNP.WA,29.86,WSE:DNP,UNAVAILABLE_HISTORICAL,53.00%
US98459U1034,YALLA GROUP LTD CFD GO,USD,7.66,YALA,5.80,NO TICKER,VIA_SHEET,24.28%
US50218G2066,LSR GDR GS SWAP,USD,2.679,BLANK,FETCH_FAIL,NO TICKER,VIA_SHEET,
RU000A0DQZE3,SISTEMA,USD,1.031322,BLANK,FETCH_FAIL,NO TICKER,VIA_SHEET,
GB00B81PHH50,AL RAJHI GS PNOTE,USD,19.898673,,FETCH_FAIL,NO TICKER,VIA_SHEET,
US6074091090,MBT ADR GS SWAP,USD,16.645,BLANK,FETCH_FAIL,NO TICKER,VIA_SHEET,
US55953Q2021,MAGNIT GDR GS SWAP,USD,48.675,BLANK,FETCH_FAIL,NO TICKER,VIA_SHEET,
AT0000641352,CA IMMO ANLAGEN,EUR,15.6125,BLANK,FETCH_FAIL,NO TICKER,VIA_SHEET,
JE00B55Q3P39,GENEL ENERGY PLC,GBP,6.08,BLANK,FETCH_FAIL,NO TICKER,VIA_SHEET,
AT0000A11806,BT TURBO (RAIF) RON,RON,0.36,BLANK,FETCH_FAIL,NO TICKER,VIA_SHEET,
FR0004188670,TARKETT SA,EUR,27.95,,FETCH_FAIL,NO TICKER,VIA_SHEET,
LK009A22GAQ5,JK DB PNOTE WTS 1,USD,0.480777,BLANK,FETCH_FAIL,NO TICKER,VIA_SHEET,
AT0000A153T9,RAIFFEISEN CLAWBACK,EUR,28.5,BLANK,FETCH_FAIL,NO TICKER,VIA_SHEET,
ROBRDBACNOR2,BRD RO RAIF SWAP,RON,9.7775,BRD.RO,31.30,NO TICKER,VIA_SHEET,220.12%
GRS015013006,ALPHA BANK GS SWAP,EUR,0.6845,ALPHA.AT,3.91,NO TICKER,VIA_SHEET,471.22%
XS0980139116,SEMBCORP HSBC PNOTE,USD,6.117837,BLANK,FETCH_FAIL,NO TICKER,VIA_SHEET,
KYG618201092,MODERN DENTAL GROUP,HKD,4.525,3600.HK,5.95,NO TICKER,VIA_SHEET,31.49%
USL6366MAB92,MHP 10.25% 2015,USD,98.0,BLANK,FETCH_FAIL,NO TICKER,VIA_SHEET,
DE000DE3BSH9,SAUDI TEL DB PNOTE,USD,16.4978,BLANK,FETCH_FAIL,NO TICKER,VIA_SHEET,
DE000DB9KGV6,JOHN KEELLS DB PNOTE,USD,1.071209,BLANK,FETCH_FAIL,NO TICKER,VIA_SHEET,
XS1239091868,CATERING HSBC PNOTE,USD,30.765436,BLANK,FETCH_FAIL,NO TICKER,VIA_SHEET,
XS1196741828,MOUWASAT HSBC PNOTE,USD,33.730687,BLANK,FETCH_FAIL,NO TICKER,VIA_SHEET,
KYG6382M1096,NAGACORP GS SWAP USD,USD,0.707049,BLANK,FETCH_FAIL,NO TICKER,VIA_SHEET,
VGG7762V1076,SABLE MINING AFRICA,GBP,0.00815,BLANK,FETCH_FAIL,NO TICKER,VIA_SHEET,
XS0953579546,AL KALEEJ HSBC PNOTE,USD,8.716165,BLANK,FETCH_FAIL,NO TICKER,VIA_SHEET,
PLPGNIG00014,PGNIG GS SWAP,USD,1.252124,PKN.WA,144.70,WSE:PGNIG,UNAVAILABLE_HISTORICAL,11456.36%
CA46581Q1028,IVANHOE MINES B SHS,CAD,0.635,BLANK,FETCH_FAIL,NO TICKER,VIA_SHEET,
CA46579R1047,IVANHOE MINES ORD SH,CAD,0.655,BLANK,FETCH_FAIL,NO TICKER,VIA_SHEET,
EE3100004466,TALLINK,EUR,0.925,TAL1T.TL,0.64,NO TICKER,VIA_SHEET,30.38%
XS0652911420,GEORGIAN OIL 6.875%,USD,100.999,BLANK,FETCH_FAIL,NO TICKER,VIA_SHEET,
US28106T2096,EDITA GDR GS SWAP,USD,4.275,BLANK,FETCH_FAIL,NO TICKER,VIA_SHEET,
CWN5645F1192,ARAMEX ML FFSWAP,USD,1.364063,BLANK,FETCH_FAIL,NO TICKER,VIA_SHEET,
US50042R2040,KOLAO GDR,USD,2.58345,BLANK,FETCH_FAIL,NO TICKER,VIA_SHEET,
PK0066203065,MAPLE LEAF RIGHTS,PKR,72.75,BLANK,FETCH_FAIL,NO TICKER,VIA_SHEET,
PK0085101019,HABIB BANK LTD,PKR,160.93,BLANK,FETCH_FAIL,NO TICKER,VIA_SHEET,
CWN5647G5869,ARAMEX ML WRNT,USD,1.187041,BLANK,FETCH_FAIL,NO TICKER,VIA_SHEET,
PLXTRDM00011,X-TRADE BROKERS,PLN,11.5,XTB.WA,103.12,WSE:X-TRADE,UNAVAILABLE_HISTORICAL,796.70%
EGT998015I19,EGP T BILL GS FFSWAP,USD,5.66003,,FETCH_FAIL,NO TICKER,VIA_SHEET,
US71646J1097,PETROBRAS ARG ADR,USD,11.33,,FETCH_FAIL,NO TICKER,VIA_SHEET,
XS0332046043,IMMFNZ 1.25 RESTRICT,EUR,127.4745,BLANK,FETCH_FAIL,NO TICKER,VIA_SHEET,
CWN564931046,HUMANSOFT ML WRNT,USD,11.215618,BLANK,FETCH_FAIL,NO TICKER,VIA_SHEET,
NGNESTLE0006,NESTLE NIG GS SWAP,USD,3.954427,,FETCH_FAIL,NO TICKER,VIA_SHEET,
PK0096501017,ENGRO FOODS LTD,PKR,167.33,BLANK,FETCH_FAIL,NO TICKER,VIA_SHEET,
GB00B759CR16,BOG GS SWAP,GBP,19.103,BGEO.L,110.20,NO TICKER,VIA_SHEET,476.87%
TREMAVI00037,MAVI GIYIM SANAYI,TRY,29.81,MAVI.IS,41.40,NO TICKER,VIA_SHEET,38.88%
XS0559140875,MRIYA 10.95% 30/3/16,USD,7.457,BLANK,FETCH_FAIL,NO TICKER,VIA_SHEET,
ZAE000060000,MERAFE RESOURCES LTD,ZAR,1.365,MRF.JO,128.00,NO TICKER,VIA_SHEET,9277.29%
AED000201031,DIB GS SWAP RIGHTS,USD,0.461476,BLANK,FETCH_FAIL,NO TICKER,VIA_SHEET,
PK0022501016,PAKISTAN STATE OIL,PKR,384.71,BLANK,FETCH_FAIL,NO TICKER,VIA_SHEET,
US1550382014,CENTRAL PUERTO ADR,USD,9.755,CEPU,16.08,NO TICKER,VIA_SHEET,64.79%
US48666V2043,KAZMUNAIGAS GDR,USD,11.45,,FETCH_FAIL,NO TICKER,VIA_SHEET,
SA000A0LB2R6,ALHOKAIR HSBC SWAP,USD,6.932964,4240.SR,12.87,TADAWUL:4240,UNAVAILABLE_HISTORICAL,85.63%
PK0018101011,KOHINOOR TEXTILE,PKR,52.0,BLANK,FETCH_FAIL,NO TICKER,VIA_SHEET,
ROELECACNOR5,ELECTRICA SA,RON,11.58,EL.RO,33.00,NO TICKER,VIA_SHEET,184.97%
PK0056201012,PIONEER CEMENT,PKR,69.93,BLANK,FETCH_FAIL,NO TICKER,VIA_SHEET,
EGS512O1C012,IBNSINA PHARMA SAE,EGP,10.365,ISPH.CA,11.45,NO TICKER,VIA_SHEET,10.47%
CWN5647Q7095,JARIR ML WRNT,USD,46.608983,BLANK,FETCH_FAIL,NO TICKER,VIA_SHEET,
GB00BJ7HMW26,FINABLR PLC,GBP,0.04421,FIN.L,0.10,NO TICKER,VIA_SHEET,114.88%
AEA000801018,ABU DH ISL HSBC SWAP,USD,0.888919,,FETCH_FAIL,ADX:ADIB,UNAVAILABLE_HISTORICAL,
CNE100004272,NONGFU SPRING CO LTD,HKD,21.5,9633.HK,43.56,HKG:9633,UNAVAILABLE_HISTORICAL,102.60%
BRGMATACNOR7,GRUPO MATEUS S.A.,BRL,8.275,GMAT3.SA,4.16,NO TICKER,VIA_SHEET,49.73%
US40054A1088,SUPERVIELLE ADR,USD,19.245,SUPV,9.78,NO TICKER,VIA_SHEET,49.18%
GB00BF4HYV08,GEORGIA CAPITAL,GBP,10.672,CGEO.L,41.65,NO TICKER,VIA_SHEET,290.27%
US912796SR11,US TBILL 21/05/20 GS,USD,99.9225,BLANK,FETCH_FAIL,NO TICKER,VIA_SHEET,
US4642861458,ISHRS FM GS SWAP USD,USD,26.4,BLANK,FETCH_FAIL,NO TICKER,VIA_SHEET,
ARTRAN010011,TRANSENER SA,ARS,50.85,BLANK,FETCH_FAIL,NO TICKER,VIA_SHEET,
KYG5074A1004,JD HEALTH INT,HKD,70.58,6060.HK,10.80,NO TICKER,VIA_SHEET,84.70%
LK0078N00002,HATTON NATIONAL BANK,LKR,139.25,,FETCH_FAIL,NO TICKER,VIA_SHEET,
VN000000BID9,BID VN HSBC SWAP USD,USD,1.841974,BID.VN,41900.00,NO TICKER,VIA_SHEET,2274633.52%
THA099010011,PTT OIL & RETAIL,THB,29.0,OR.BK,12.40,NO TICKER,VIA_SHEET,57.24%
THA078010016,KERRY EXPRESS FORIGN,THB,51.5,KEX.BK,FETCH_FAIL,NO TICKER,VIA_SHEET,
ID1000128804,SARANA MENARA,IDR,962.5,TOWR.JK,380.00,NO TICKER,VIA_SHEET,60.52%
THA271010011,NGERN TID LOR PLC,THB,44.0,TIDLOR.BK,18.30,NO TICKER,VIA_SHEET,58.41%
KW0EQ0100028,GULF BANK (OLD),KWD,0.312,GBK.KW,344.00,NO TICKER,VIA_SHEET,110156.41%
TH0068010Z15,TMB BANK FOREIGN,THB,1.07,TTB.BK,2.28,NO TICKER,VIA_SHEET,113.08%
EGS69101C011,EFG HERMES,EGP,15.645,HRHO.CA,26.72,NO TICKER,VIA_SHEET,70.79%
XS2332809412,VHM 2026 EB 3%,USD,105.4565,BLANK,FETCH_FAIL,NO TICKER,VIA_SHEET,
CY0109561015,PHOENIX VEGA MEZ,EUR,0.03995,BLANK,FETCH_FAIL,NO TICKER,VIA_SHEET,
MYQ0138OO006,MY EG SERVICES BHD,MYR,1.855,0138.KL,0.81,NO TICKER,VIA_SHEET,56.60%
VN000000SAB4,SAIGON BEER CORP,VND,147000.0,SAB.VN,47200.00,NO TICKER,VIA_SHEET,67.89%
GB00BN44P254,BALTIC CLASSIFIEDS,GBP,2.192,BCG.L,1.81,NO TICKER,VIA_SHEET,17.47%
ID1000118201,BANK RAKYAT INDONESI C,USD,0.312554,BLANK,FETCH_FAIL,NO TICKER,VIA_SHEET,
SA15C2IKKO13,BURGERIZZR,SAR,214.4,6016.SR,8.05,TADAWUL:6016,UNAVAILABLE_HISTORICAL,96.25%
GB00BD20C246,BACANORA LITHIUM PLC,GBP,0.663,BLANK,FETCH_FAIL,NO TICKER,VIA_SHEET,
MA0000011801,LABEL VIE (HYPER),MAD,4709.0,LBV.CS,FETCH_FAIL,NO TICKER,VIA_SHEET,
AEE001501015,EMAAR MALLS PJSC,AED,2.6112,EMAARDEV.AE,13.72,ADX:EMAAR,UNAVAILABLE_HISTORICAL,425.43%
PLGTC0000169,GTC RIGHTS,PLN,6.785,BLANK,FETCH_FAIL,WSE:GTC,UNAVAILABLE_HISTORICAL,
AU000000CFE0,CAPE LAMBERT RESOURC,AUD,0.1125,BLANK,FETCH_FAIL,NO TICKER,VIA_SHEET,
RU000A0JPFP0,LSR GROUP LOCALS,USD,13.254801,BLANK,FETCH_FAIL,NO TICKER,VIA_SHEET,
AT00BUWOG001,BUWOG AG,EUR,13.605,BLANK,FETCH_FAIL,NO TICKER,VIA_SHEET,
TG0000000132,ECOBANK TRANSNAT,NGN,17.5,,FETCH_FAIL,NO TICKER,VIA_SHEET,
AT0000A18WD5,BRD RO TURBO RAIF,RON,9.98,BLANK,FETCH_FAIL,NO TICKER,VIA_SHEET,
ROTSELACNOR9,TRANSELECTRICA,RON,28.175,TEL.RO,90.10,NO TICKER,VIA_SHEET,219.79%
US87260R2013,TMK GDR GS SWAP,USD,11.255,,FETCH_FAIL,NO TICKER,VIA_SHEET,
RU000A0JKQU8,MAGNIT LOCAL,USD,207.114931,BLANK,FETCH_FAIL,NO TICKER,VIA_SHEET,
VGG0697K1066,ATLAS GS USD SWAP,USD,4.555,BLANK,FETCH_FAIL,NO TICKER,VIA_SHEET,
US23568T2015,DAMAC GDR,USD,17.4,BLANK,FETCH_FAIL,NO TICKER,VIA_SHEET,
NGWAPCO00002,LAFARGE AFRICA,NGN,96.0,,FETCH_FAIL,NO TICKER,VIA_SHEET,
DE000DB3N7S5,ASHOKA DB PNOTE,USD,2.483721,BLANK,FETCH_FAIL,NO TICKER,VIA_SHEET,
EGS673Y1C015,EMAAR MISR DEV,EGP,3.75,EMFD.CA,10.50,NO TICKER,VIA_SHEET,180.00%
KYG9361F1037,VIETNAM GROWTH FUND,USD,19.25,BLANK,FETCH_FAIL,NO TICKER,VIA_SHEET,
EGS3C181C012,SUEZ CEMENT CO,EGP,33.38,BLANK,FETCH_FAIL,NO TICKER,VIA_SHEET,
MYA004433001,STEPPE CEMENT,GBP,0.175,,FETCH_FAIL,NO TICKER,VIA_SHEET,
EGS3G0Z1C014,ELSEWEDY CABLES,EGP,33.05,SWDY.CA,89.27,NO TICKER,VIA_SHEET,170.11%
XS0973930448,AL KHALEEJ CS PNOTE,USD,9.310069,BLANK,FETCH_FAIL,NO TICKER,VIA_SHEET,
XS1494008003,TELENOR EX BOND 2019,USD,106.02,BLANK,FETCH_FAIL,NO TICKER,VIA_SHEET,
AT0000818802,DO & CO REST (EUR),EUR,57.785,DOC.VI,187.20,NO TICKER,VIA_SHEET,223.96%
XS0783935561,BK GEORGIA 7.75 2017,USD,102.75,BLANK,FETCH_FAIL,NO TICKER,VIA_SHEET,
VGG572791041,LUXOFT HOLDING INC,USD,51.245,BLANK,FETCH_FAIL,NO TICKER,VIA_SHEET,
ZAE000015889,NASPERS N,ZAR,2171.905,NPN.JO,84421.00,NO TICKER,VIA_SHEET,3786.96%
XS1891203462,BUPA ARAB HSBC PNOTE,USD,33.678653,BLANK,FETCH_FAIL,NO TICKER,VIA_SHEET,
LU0584671464,ADECOAGRO SA,USD,9.985,AGRO,12.65,NO TICKER,VIA_SHEET,26.69%
TRATCELL91M1,TURKCELL,TRY,12.065,TCELL.IS,103.20,NO TICKER,VIA_SHEET,755.37%
PK0081901016,UNITED BANK LTD,PKR,191.0,BLANK,FETCH_FAIL,NO TICKER,VIA_SHEET,
LU0328476410,DBX FRONTIER ML SWAP,USD,14.925,BLANK,FETCH_FAIL,NO TICKER,VIA_SHEET,
US6565674016,NORTEL INVERSORA ADR,USD,50.99,,FETCH_FAIL,NO TICKER,VIA_SHEET,
PK0074501013,FAUJI CEMENT,PKR,26.86,BLANK,FETCH_FAIL,NO TICKER,VIA_SHEET,
XS0997708051,KAZ ENG 4.55% 12/16,USD,99.779,BLANK,FETCH_FAIL,NO TICKER,VIA_SHEET,
NGNB00000005,NIGERIA BREW GS SWAP,USD,0.35521,BLANK,FETCH_FAIL,NO TICKER,VIA_SHEET,
PHY1244L1009,CEMEX PHILIPPINES,PHP,11.5,,FETCH_FAIL,PSE:CEMEX,UNAVAILABLE_HISTORICAL,
TREMLPC00021,MEDICAL PARK TURKEY,TRY,8.685,MPARK.IS,460.25,NO TICKER,VIA_SHEET,5199.37%
KE0000000216,EAST AFRICAN BREW,KES,229.5,,FETCH_FAIL,NO TICKER,VIA_SHEET,
PK0008901016,SUI NORTHERN GAS,PKR,97.99,BLANK,FETCH_FAIL,NO TICKER,VIA_SHEET,
ROTGNTACNOR8,TRANSGAZ SA,RON,388.5,TGN.RO,86.50,NO TICKER,VIA_SHEET,77.73%
NL0012235980,GRIFFIN PREMIUM,PLN,4.95,GTC.WA,2.49,NO TICKER,VIA_SHEET,49.70%
XS1587902385,SAUDI BRT HSBC PNOTE,USD,8.775671,BLANK,FETCH_FAIL,NO TICKER,VIA_SHEET,
XS1977075859,SB ZIM CLN 0% 2019,USD,83.56,BLANK,FETCH_FAIL,NO TICKER,VIA_SHEET,
AEU000401015,UNION NATIONAL BANK,AED,5.845,BLANK,FETCH_FAIL,NO TICKER,VIA_SHEET,
SA0007879071,ALAWWAL BANK,SAR,19.41,,FETCH_FAIL,TADAWUL:ALAWWAL,UNAVAILABLE_HISTORICAL,
US12687E1047,CABLEVISION ADR,USD,25.626877,,FETCH_FAIL,NO TICKER,VIA_SHEET,
DE000DL54UY1,ALTAYYAR DB PNOTE,USD,6.199587,BLANK,FETCH_FAIL,NO TICKER,VIA_SHEET,
MA0000011488,MAROC TELECOM,MAD,140.6,BLANK,FETCH_FAIL,NO TICKER,VIA_SHEET,
IM00B3SXFX94,ORIGO PART CONV PRF,USD,0.285,BLANK,FETCH_FAIL,NO TICKER,VIA_SHEET,
QA0006929770,DOHA BANK GS SWAP,USD,0.690785,DHBK.QA,2.60,NO TICKER,VIA_SHEET,276.53%
US8938702045,TGS TRANSPORTADOR,USD,16.705,TGSU2.BA,9380.00,NO TICKER,VIA_SHEET,56050.85%
ARBYMA300018,BOLSAS Y MERCADOS,ARS,344.0,BLANK,FETCH_FAIL,NO TICKER,VIA_SHEET,
AEE000801028,EMIRA GS SWAP RIGHTS,USD,0.781399,BLANK,FETCH_FAIL,ADX:EMIRA,UNAVAILABLE_HISTORICAL,
VN000000VCI9,VIET CAPITAL SEC,VND,41300.0,VCI.VN,24700.00,NO TICKER,VIA_SHEET,40.19%
RU000A0JSQ90,DETSKY GS SWAP USD,USD,1.584819,BLANK,FETCH_FAIL,NO TICKER,VIA_SHEET,
PLTLKPL00017,ORAN POL GS SWAP EUR,EUR,1.43065,TLX.WA,19.40,WSE:ORAN,UNAVAILABLE_HISTORICAL,1256.03%
AEDFXA0M6V00,DP WLD HSBC SWAP USD,USD,15.6,BLANK,FETCH_FAIL,NO TICKER,VIA_SHEET,
TH3740010Y17,VGI PUBLIC FOREIGN,THB,6.75,BLANK,FETCH_FAIL,NO TICKER,VIA_SHEET,
SA0007879121,SABIC HSBC SWAP USD,USD,27.098682,2020.SR,132.60,TADAWUL:2020,UNAVAILABLE_HISTORICAL,389.32%
RU000A0JPGA0,M VIDEO,USD,8.501229,BLANK,FETCH_FAIL,NO TICKER,VIA_SHEET,
KYG532631028,KUAISHOU TECH B,HKD,265.0,1024.HK,46.54,NO TICKER,VIA_SHEET,82.44%
AED001301012,DAMAC LOCAL GS SWAP,USD,0.266002,BLANK,FETCH_FAIL,NO TICKER,VIA_SHEET,
EGS74191C015,RAYA CONTACT,EGP,4.765,RAYA.CA,7.48,NO TICKER,VIA_SHEET,56.98%
KYG0705A1085,BAIRONG INC CFD HSBC,HKD,13.26,,FETCH_FAIL,NO TICKER,VIA_SHEET,
EGS381B1C015,TENTH OF RAMADAN,EGP,2.094,BLANK,FETCH_FAIL,NO TICKER,VIA_SHEET,
TRATHYAO91M5,TURK AIR GS USD SWAP,USD,1.499039,BLANK,FETCH_FAIL,NO TICKER,VIA_SHEET,
AEE01134E227,EMIRATES CENTRAL C,AED,1.36,,FETCH_FAIL,DFM:EMPOWER,UNAVAILABLE_HISTORICAL,
CNE1000044N1,ANT GROUP LTD,HKD,80.0,6688.HK,FETCH_FAIL,NO TICKER,VIA_SHEET,
SA000A0DPSH3,CO FOR COOPERATIVE CFD,USD,20.870539,8050.SR,7.86,TADAWUL:8050,UNAVAILABLE_HISTORICAL,62.34%
JE00BN574F90,WIZZ AIR GS SWAP GBP,GBP,42.79,WIZZ.L,10.14,NO TICKER,VIA_SHEET,76.30%
QA000VSUG130,MESAIEED GS SWAP,USD,0.534816,MPHC.QA,1.20,NO TICKER,VIA_SHEET,124.94%
MYL5306OO005,FARM FRESH BHD,MYR,1.68,5306.KL,2.31,NO TICKER,VIA_SHEET,37.50%
CA1348082035,CANACOL ENERGY LTD,COP,9360.0,CNE.TO,FETCH_FAIL,NO TICKER,VIA_SHEET,
ID1000106206,MEDIA NUSANTARA,IDR,605.0,MNCN.JK,212.00,NO TICKER,VIA_SHEET,64.96%
AEA006101017,ABU DHABI NATIONAL O C,USD,1.118961,,FETCH_FAIL,ADX:ADNOCDRILL,UNAVAILABLE_HISTORICAL,
PLGRPRC00015,GRUPA PRACUJ SA,PLN,44.05,,FETCH_FAIL,WSE:GRUPA,UNAVAILABLE_HISTORICAL,
SA15LGLI0N19,RIYADH CABLES GROU,SAR,54.0,4110.SR,2.18,TADAWUL:4110,UNAVAILABLE_HISTORICAL,95.96%
CLP3064M1019,SUDAMERICANA VAPOR,CLP,57.18,BLANK,FETCH_FAIL,NO TICKER,VIA_SHEET,
EGS729J1C018,CLEOPATRA HOSPITAL,EGP,4.9,CLHO.CA,15.12,NO TICKER,VIA_SHEET,208.57%
GB00BMXLQJ47,HORIZONTE MINERALS,GBP,0.1675,,FETCH_FAIL,NO TICKER,VIA_SHEET,
SA154HG210H6,BINDAWOOD HLDG,SAR,6.69,4161.SR,4.99,TADAWUL:4161,UNAVAILABLE_HISTORICAL,25.41%
SA160G52C1H3,ETIHAD ATHEEB TELE,SAR,91.8,7030.SR,10.99,TADAWUL:7030,UNAVAILABLE_HISTORICAL,88.03%
VNMIRGMD2410,GEMADEPT CORP,VND,11666.666667,BLANK,FETCH_FAIL,NO TICKER,VIA_SHEET,
US23292B1044,D MARKET ELECTRONIC AD,USD,2.34,HEPS,2.72,NO TICKER,VIA_SHEET,16.24%
ID1000125107,KALBE FARMA,IDR,1640.0,KLBF.JK,770.00,NO TICKER,VIA_SHEET,53.05%
US62919Q1022,NMC HEALTH ADR,USD,1e-06,BLANK,FETCH_FAIL,NO TICKER,VIA_SHEET,
AEE01081T004,TECOM GROUP PJSC,AED,2.67,TECOM.AE,3.31,ADX:TECOM,UNAVAILABLE_HISTORICAL,23.97%
NL00150006R6,CTP N.V,EUR,10.5,CTPNV.AS,16.12,NO TICKER,VIA_SHEET,53.52%
DE000DL549N2,MOBILE WORL DB PNOTE,USD,4.098707,BLANK,FETCH_FAIL,NO TICKER,VIA_SHEET,
CY0200252118,GALAXY COSMOS MEZZ,EUR,0.29,BLANK,FETCH_FAIL,NO TICKER,VIA_SHEET,
VN000000VCB4,BANK FOR FOREIGN TRA C,USD,3.720705,VCB.VN,62200.00,NO TICKER,VIA_SHEET,1671626.19%
PLCCC0000016,CCC SA,PLN,48.45,,FETCH_FAIL,WSE:CCC,UNAVAILABLE_HISTORICAL,
TRAGARAN91N1,TURK GAR GS SWAP TRY,TRY,8.855,BLANK,FETCH_FAIL,NO TICKER,VIA_SHEET,
EGS48031C016,TELECOM EGYPT,EGP,13.29,ETEL.CA,97.63,NO TICKER,VIA_SHEET,634.61%
GRV000008NW2,PIRAE GSFTSWAP 06/21,EUR,1.39,BLANK,FETCH_FAIL,NO TICKER,VIA_SHEET,
TRVXIST02A76,ISE30 JUN21 GSFTSWAP,TRY,1524.875,BLANK,FETCH_FAIL,NO TICKER,VIA_SHEET,
ID1000188006,TRIMEGAH BANGUN,IDR,925.0,TRON.JK,99.00,NO TICKER,VIA_SHEET,89.30%
TH0168A10Z19,BUMRUNGRAD HOPTL,THB,194.5,BH.BK,179.50,NO TICKER,VIA_SHEET,7.71%
SA15CIBJGH12,ARABIAN INTERNET CFD H,USD,54.542546,7203.SR,701.00,TADAWUL:7203,UNAVAILABLE_HISTORICAL,1185.24%
US3563901046,FREEDOM HOLDING CORP C,USD,97.75,FRHC,148.73,NO TICKER,VIA_SHEET,52.15%
SA15DHKGHBH4,SAUDI TADAWUL GROUP CF,USD,47.068209,1111.SR,137.10,TADAWUL:1111,UNAVAILABLE_HISTORICAL,191.28%
SA000A0HNGZ6,ALDREES PETROLEUM,SAR,118.4,2080.SR,78.30,TADAWUL:2080,UNAVAILABLE_HISTORICAL,33.87%
ZAE000255915,ABSA GROUP LTD,ZAR,180.43,ABG.JO,23190.00,NO TICKER,VIA_SHEET,12752.63%
GRS003003035,NATL BK OF GREECE,EUR,6.45,ETE.AT,14.82,NO TICKER,VIA_SHEET,129.84%
GRV000008LD6,ALPHA HSBC EURFTSWAP,EUR,1.125,BLANK,FETCH_FAIL,NO TICKER,VIA_SHEET,
IS0000028538,ISLANDSBANKI HF,ISK,79.0,ISB.IC,144.60,NO TICKER,VIA_SHEET,83.04%
BRAMBPACNOR6,AMBIPAR PARTICIPACOE C,USD,8.3471,AMBP3.SA,0.17,NO TICKER,VIA_SHEET,97.96%
EGS743O1C013,E-FINANCE FOR DIGI,EGP,13.98,EFIN.CA,FETCH_FAIL,NO TICKER,VIA_SHEET,
PLTSQGM00016,TEN SQUARE GAMES,PLN,341.4,TSG.WA,1.80,WSE:TEN,UNAVAILABLE_HISTORICAL,99.47%
LK0092N00003,KEELLS(JOHN)HLDGS,LKR,137.5,,FETCH_FAIL,NO TICKER,VIA_SHEET,
SA562G5H0I13,MIAHONA CO,SAR,14.94,2082.SR,186.00,TADAWUL:2082,UNAVAILABLE_HISTORICAL,1144.98%
SA15QH00SKH0,AL MAWARID MANPOWE,SAR,109.6,6001.SR,31.38,TADAWUL:6001,UNAVAILABLE_HISTORICAL,71.37%
SA15H14I11H6,AL-DAWAA MEDICAL S,SAR,74.3,,FETCH_FAIL,TADAWUL:AL-DAWAA,UNAVAILABLE_HISTORICAL,
SA15HG521213,AL NAHDI MEDICAL C,SAR,158.2,4163.SR,48.02,TADAWUL:4163,UNAVAILABLE_HISTORICAL,69.65%
KYG9808A1058,WUXI XDC CAYMAN,HKD,20.6,,FETCH_FAIL,NO TICKER,VIA_SHEET,
OM0000009072,OQ GAS NETWORK,OMR,0.14,OQGN.OM,FETCH_FAIL,NO TICKER,VIA_SHEET,
SA15D1I1VJH7,ARABIAN CONTRACTIN,SAR,181.8,1820.SR,1.94,TADAWUL:1820,UNAVAILABLE_HISTORICAL,98.93%
PHY1249R1024,CENTURY PACIFIC FO,PHP,39.45,,FETCH_FAIL,PSE:CENTURY,UNAVAILABLE_HISTORICAL,
AEE01356D236,DUBAI TAXI COMPANY,AED,2.2,,FETCH_FAIL,DFM:DUBAITAXI,UNAVAILABLE_HISTORICAL,
SA0007879162,SAVOLA GROUP,SAR,37.8,2050.SR,27.78,TADAWUL:2050,UNAVAILABLE_HISTORICAL,26.51%
THA848010015,THAI LIFE INSURANCE,THB,16.0,,FETCH_FAIL,NO TICKER,VIA_SHEET,
SA15JH2H3L19,NAQI WATER COMPANY,SAR,69.0,2090.SR,14.44,TADAWUL:2090,UNAVAILABLE_HISTORICAL,79.07%
TRAYKBNK91N6,YAPI VE KREDI BANK,TRY,29.7,YKBNK.IS,33.48,NO TICKER,VIA_SHEET,12.73%
BMG9460G1015,VALARIS LIMITED,USD,48.51,VAL,94.03,NO TICKER,VIA_SHEET,93.84%
PHY077751022,BDO UNIBANK INC,PHP,144.5,BDOUF,2.15,PSE:BDO,UNAVAILABLE_HISTORICAL,98.51%
US34460G1067,SC FONDUL PROPRIET GDR,USD,21.6,FP.RO,0.57,NO TICKER,VIA_SHEET,97.38%
CNE100006WS8,CONTEMPORARY AMPER,HKD,377.4,300750.SZ,420.10,NO TICKER,VIA_SHEET,11.31%
SA000A0MQCJ2,SAUDI KAYAN PETROCHE C,USD,3.421992,2350.SR,5.77,TADAWUL:2350,UNAVAILABLE_HISTORICAL,68.62%
CNE1000070H8,NANJING LEADS BIOL,HKD,35.0,6919.HK,3.90,NO TICKER,VIA_SHEET,88.86%
VNMIRNLG2518,NAM LONG INVESTMEN,VND,2938.0,BLANK,FETCH_FAIL,NO TICKER,VIA_SHEET,
SA1690F1VQ15,DERAYAH FINANCIAL,SAR,39.0,9543.SR,47.50,TADAWUL:9543,UNAVAILABLE_HISTORICAL,21.79%
AEE01135A222,AMERICANA REST INT CFD,USD,1.124452,,FETCH_FAIL,ADX:AMERICANA,UNAVAILABLE_HISTORICAL,
PH0000061442,MAYNILAD WATER,PHP,16.2,,FETCH_FAIL,NO TICKER,VIA_SHEET,
AU000000BMN9,BANNERMAN,AUD,3.55,BMN.AX,3.63,NO TICKER,VIA_SHEET,2.25%
TRAAKBNK91N6,AKBANK,TRY,69.8,AKBNK.IS,64.15,NO TICKER,VIA_SHEET,8.09%
QA0007227737,OOREDOO,QAR,13.5,ORDS.QA,13.68,NO TICKER,VIA_SHEET,1.33%
JE00BF50RG45,YELLOW CAKE PLC,GBP,6.795,YCA.L,5.73,NO TICKER,VIA_SHEET,15.67%
NL0015073TP4,PICS N.V.,USD,18.0,PICS,10.65,NO TICKER,VIA_SHEET,40.83%
SA0007879113,AL RAJHI BANK,SAR,97.55,1120.SR,66.70,TADAWUL:1120,UNAVAILABLE_HISTORICAL,31.62%
CNE100000296,BYD CO 'H'SHS CNY1 CFD,HKD,96.95,1211.HK,90.75,NO TICKER,VIA_SHEET,6.40%
VN000000VNM8,VIETNAM DAIRY PROD,VND,61300.0,VNM.VN,59100.00,NO TICKER,VIA_SHEET,3.59%
GRS298343005,HELLENIC PETROLEUM,EUR,10.3,ELPE.AT,10.30,NO TICKER,VIA_SHEET,0.00%
INE530B01024,IIFL FINANCE LTD,INR,466.9,IIFL.NS,467.80,NO TICKER,VIA_SHEET,0.19%
KYG070341048,BAIDU INC,HKD,130.0,9888.HK,129.10,HKG:9888,UNAVAILABLE_HISTORICAL,0.69%
SA15L0N10HH3,THE POWER & WATER,SAR,61.4,2083.SR,39.94,TADAWUL:2083,UNAVAILABLE_HISTORICAL,34.95%
US84265V1052,SOUTHERN COPPER CORP C,USD,71.84,SCCO,188.95,NO TICKER,VIA_SHEET,163.02%
CA85207H1047,SPROTT PHYSICAL GOLD C,USD,34.42,BLANK,FETCH_FAIL,NO TICKER,VIA_SHEET,
GRS830003000,ALPHA BANK S.A.,EUR,3.91,ALPHA.AT,3.91,NO TICKER,VIA_SHEET,0.00%
SA16CI8KMOH3,JAMJOOM FASHION TR,SAR,106.1,9649.SR,106.20,TADAWUL:9649,UNAVAILABLE_HISTORICAL,0.09%
MXCFFM010000,FIBRA MTY SAPI DE CV C,USD,0.820601,BLANK,FETCH_FAIL,NO TICKER,VIA_SHEET,
CNE100007DY4,SHENZHEN WOER HEAT,HKD,15.29,002130.SZ,22.36,NO TICKER,VIA_SHEET,46.24%
BE0974338700,TITAN CEMENT INTL,EUR,40.7,TITC.BR,49.86,NO TICKER,VIA_SHEET,22.51%
AEE000801010,EMIRATES NBD PJSC,AED,17.45,EMIRATESNBD.AE,27.40,ADX:EMIRATES,UNAVAILABLE_HISTORICAL,57.02%
HK0001200002,ZIJIN GOLD INTERNA,HKD,140.2,3903.HK,0.17,NO TICKER,VIA_SHEET,99.88%
US05606L1008,BYD CO LTD-UNSPONSOR C,USD,13.65,BLANK,FETCH_FAIL,NO TICKER,VIA_SHEET,
GRS014003032,PIRAEUS FINANCIAL,EUR,7.162957,TPEIR.AT,9.15,NO TICKER,VIA_SHEET,27.74%
KE1000001402,SAFARICOM PLC,KES,29.15,,FETCH_FAIL,NO TICKER,VIA_SHEET,
CNE100007HD9,SHENZHEN ZHAOWEI M,HKD,73.0,003021.SZ,95.89,NO TICKER,VIA_SHEET,31.36%
THD365010012,MR. D.I.Y. HOLDING,THB,8.55,DOHOME.BK,3.46,NO TICKER,VIA_SHEET,59.53%
CNE100007LD1,METIS TECHBIO  CO,HKD,10.5,,FETCH_FAIL,NO TICKER,VIA_SHEET,
US63654D1164,NATIONAL INVES &RECO A,USD,25.125005,BLANK,FETCH_FAIL,NO TICKER,VIA_SHEET,
AEE001901017,EMAAR DEVELOPMENT,AED,14.44,EMAARDEV.AE,13.72,ADX:EMAAR,UNAVAILABLE_HISTORICAL,4.99%
GB00BJVWTM27,GULF MARINE SERVIC,GBP,0.196,GMS.L,0.20,NO TICKER,VIA_SHEET,0.51%
TH0765010R16,AIRPORTS OF THAILAND C,USD,1.697649,BLANK,FETCH_FAIL,NO TICKER,VIA_SHEET,
DE0007030009,RHEINMETALL AG CFD HSB,EUR,1291.4,RHM.DE,1218.00,NO TICKER,VIA_SHEET,5.68%
SA562GSHUOH7,DR. SOLIMAN ABDEL,SAR,57.5,,FETCH_FAIL,TADAWUL:DR.,UNAVAILABLE_HISTORICAL,
DE000DM099Y4,FPT CORP DB PNOTE,USD,2.332629,BLANK,FETCH_FAIL,NO TICKER,VIA_SHEET,
SA159GK22IH4,THEEB RENT A CAR CO,SAR,52.05,4261.SR,25.70,TADAWUL:4261,UNAVAILABLE_HISTORICAL,50.62%
SA0007879097,SAMBA HSBC SWAP USD,USD,10.305842,1050.SR,19.03,TADAWUL:1050,UNAVAILABLE_HISTORICAL,84.65%
DE000DS0VCB4,TECHCOM BK DB PNOTE,USD,1.008303,BLANK,FETCH_FAIL,NO TICKER,VIA_SHEET,
KW0EQ0660005,JAZEERA RIGHTS,KWD,0.136,JAZEERA.KW,1779.00,NO TICKER,VIA_SHEET,1307988.24%
AEA007501017,AL YAH SATELLITE COM C,USD,0.765032,,FETCH_FAIL,ADX:YAHSAT,UNAVAILABLE_HISTORICAL,
AT0000A296B4,OMV TURBO EURO RAIF,EUR,0.077,BLANK,FETCH_FAIL,NO TICKER,VIA_SHEET,
US1912411089,CC FEMSA ADR,USD,57.955,KOF,105.36,NO TICKER,VIA_SHEET,81.80%
GB00BJVQC708,HELIOS TOWERS PLC,GBP,1.682,HTWS.L,2.34,NO TICKER,VIA_SHEET,38.88%
US91822M1062,VEON LTD,USD,2.455,VEON,55.36,NO TICKER,VIA_SHEET,2154.99%
ID3000056407,BK RAKYAT IND RIGHTS C,USD,0.002666,BBRI.JK,2950.00,NO TICKER,VIA_SHEET,110652563.17%
BRIFCMACNOR8,INFRACOMMERCE CXAA,BRL,16.8,IFCM3.SA,0.59,NO TICKER,VIA_SHEET,96.49%
THA271010003,NGERN TID LOR PCL CFD ,USD,1.056076,TIDLOR.BK,18.30,NO TICKER,VIA_SHEET,1632.83%
NL0013654783,PROSUS GS SWAP EUR,EUR,81.9,PRX.AS,38.91,NO TICKER,VIA_SHEET,52.49%
KYG7170M1033,POP MART INTERNATION,HKD,38.5,9992.HK,179.60,NO TICKER,VIA_SHEET,366.49%
SA122050HV19,ALINMA BANK,SAR,29.45,1150.SR,23.87,TADAWUL:1150,UNAVAILABLE_HISTORICAL,18.95%
AEA003001012,AIR ARABIA PJSC CFD GO,USD,0.449218,AIABF,0.07,ADX:AIR,UNAVAILABLE_HISTORICAL,84.19%
SG1T74931364,YOMA STRATEGIC HLDGS,SGD,0.1845,Z59.SI,0.08,NO TICKER,VIA_SHEET,55.56%
KW0EQ0609648,ALI ALGHANIM AUTO,KWD,0.793,,FETCH_FAIL,NO TICKER,VIA_SHEET,
BREMBRACNOR4,EMBRAER CFD GOLDMAN,USD,4.0966,,FETCH_FAIL,NO TICKER,VIA_SHEET,
PLWRTPL00027,WIRTUALNA POLSKA,PLN,113.2,WPL.WA,58.70,WSE:WIRTUALNA,UNAVAILABLE_HISTORICAL,48.14%
BRELMDACNOR3,ELECTROMIDIA,BRL,14.895,,FETCH_FAIL,NO TICKER,VIA_SHEET,
VN000000VIC9,VINGROUP HSBC SWAP,USD,5.727111,VIC.VN,204900.00,NO TICKER,VIA_SHEET,3577620.08%
KW0EQ0601694,HUMAN SOFT HOLDING,KWD,3.128,HUMANSOFT.KW,2361.00,NO TICKER,VIA_SHEET,75379.54%
GRS536003007,ATHENS INT AIRPORT,EUR,9.17,AIA.AT,10.17,NO TICKER,VIA_SHEET,10.91%
MYL5301OO006,CTOS DIGITAL BHD,MYR,1.1,5301.KL,0.62,NO TICKER,VIA_SHEET,44.09%
US8765685024,TATA MOTORS LTD CFD HS,USD,27.61,BLANK,FETCH_FAIL,NO TICKER,VIA_SHEET,
AEE01370P249,PARKIN COMPANY PJS,AED,2.1,PARKIN.AE,5.83,ADX:PARKIN,UNAVAILABLE_HISTORICAL,177.62%
PLSHPR000021,SHOPER SA,PLN,71.0,SHO.WA,42.90,WSE:SHOPER,UNAVAILABLE_HISTORICAL,39.58%
THA504010002,THE ONE ENTERPRISE,THB,9.4,,FETCH_FAIL,NO TICKER,VIA_SHEET,
ROFPTAACNOR5,SC FONDUL PROPRIET,RON,1.898,BLANK,FETCH_FAIL,NO TICKER,VIA_SHEET,
INE0LCL01028,AVALON TECHNOL,INR,611.9,AVALON.NS,1451.80,NO TICKER,VIA_SHEET,137.26%
US83418T1088,CIAN PLC,USD,16.4,,FETCH_FAIL,NO TICKER,VIA_SHEET,
CL0000000423,LATAM AIRLINES GROUP C,USD,0.012609,LTM.SN,23.18,NO TICKER,VIA_SHEET,183736.94%
ZAE000042164,MTN GRP LTD CFD CFD GO,USD,6.858656,MTN.JO,21485.00,NO TICKER,VIA_SHEET,313153.79%
RO4Q0Z5RO1B6,HIDROELECTRICA,RON,119.7,H2O.RO,177.00,NO TICKER,VIA_SHEET,47.87%
TH0671010Z16,MAJOR CINEPLEX GRO,THB,15.2,MAJOR.BK,6.75,NO TICKER,VIA_SHEET,55.59%
MYL5296OO008,MR D.I.Y. GROUP (M,MYR,1.51,5296.KL,1.58,NO TICKER,VIA_SHEET,4.64%
MXCFFI170008,PROLOGIS PROPERTY MEXI,MXN,63.44,,FETCH_FAIL,NO TICKER,VIA_SHEET,
MX01LA010006,GENOMMA LAB INT CFD GO,USD,0.732526,LABB.MX,15.68,NO TICKER,VIA_SHEET,2040.54%
SA0007879543,SAUDI TELECOM CO CFD G,USD,27.991789,7010.SR,43.42,TADAWUL:7010,UNAVAILABLE_HISTORICAL,55.12%
ROMEDLACNOR6,MED LIFE S.A,RON,3.87,M.RO,11.30,NO TICKER,VIA_SHEET,191.99%
US50202M1027,LI AUTO INC ADR,USD,28.72,LI,14.81,NO TICKER,VIA_SHEET,48.42%
AEE01657D252,DUBAI RESIDENTIAL,AED,1.1,,FETCH_FAIL,ADX:DUBAI,UNAVAILABLE_HISTORICAL,
CNE100006Z53,FOSHAN HAITIAN FLA,HKD,36.3,603288.SS,35.71,NO TICKER,VIA_SHEET,1.63%
IE00BDC5DG00,KENMARE RESOURCES,GBP,3.14,KMR.L,2.14,NO TICKER,VIA_SHEET,31.85%
SA139051UIH0,NATIONAL MEDICAL C,SAR,162.2,4009.SR,32.52,TADAWUL:4009,UNAVAILABLE_HISTORICAL,79.95%
SA1661VHUP11,ALMOOSA HEALTH CO,SAR,159.7,4017.SR,35.72,TADAWUL:4017,UNAVAILABLE_HISTORICAL,77.63%
KW0EQ0100010,NATIONAL BANK OF KUW C,USD,3.339825,NBK.KW,834.00,NO TICKER,VIA_SHEET,24871.37%
KR7440110005,FADU INC,KRW,41900.0,440110.KS,112100.00,NO TICKER,VIA_SHEET,167.54%
CNE100007FF8,SHENZHEN HAN S CNC,CNY,95.8,300967.SZ,21.02,NO TICKER,VIA_SHEET,78.06%
COD38PA00046,CEMENTOS ARGOS SA,COP,10660.0,CEMARGOS.CL,11360.00,NO TICKER,VIA_SHEET,6.57%
SA162GIK1SH5,RASAN INFORMATION,SAR,128.4,7202.SR,215.20,TADAWUL:7202,UNAVAILABLE_HISTORICAL,67.60%
AU000000AEE7,AURA ENERGY LTD,AUD,0.115,AEE.AX,0.12,NO TICKER,VIA_SHEET,4.35%
MX01AL0C0004,ALPEK SAB,MXN,12.44,ALPEKA.MX,12.86,NO TICKER,VIA_SHEET,3.38%
VN000000GMD0,GEMADEPT CORP,VND,72300.0,GMD.VN,73300.00,NO TICKER,VIA_SHEET,1.38%
QA000PK2KD10,MEEZA QSTP LLC,QAR,3.39,,FETCH_FAIL,NO TICKER,VIA_SHEET,
ZAE000259479,PEPKOR HOLDINGS,ZAR,27.0,PPH.JO,2124.00,NO TICKER,VIA_SHEET,7766.67%
US05961W1053,BANCO MACRO SA ADR,USD,57.43,BMA,90.58,NO TICKER,VIA_SHEET,57.73%
CY0107600716,PURCARI WINERIES,RON,20.9,BLANK,FETCH_FAIL,NO TICKER,VIA_SHEET,
CNE100007DD8,SHANGHAI BIREN TEC,CNY,18.3,688561.SS,27.69,NO TICKER,VIA_SHEET,51.31%
CNE100007DZ1,BUSY MING GROUP CO,HKD,236.6,2125.HK,0.34,NO TICKER,VIA_SHEET,99.86%
CNE100007JX3,SIGENERGY TECH CO,CNY,287.428894,688472.SS,12.99,NO TICKER,VIA_SHEET,95.48%
KR7042520007,HANS BIOMED CORPOR,KRW,23250.0,042520.KS,29100.00,NO TICKER,VIA_SHEET,25.16%
ID1000095003,BANK MANDIRI (PERS,IDR,4080.0,BMRI.JK,4080.00,NO TICKER,VIA_SHEET,0.00%
AEA007301012,ADNOC DRILLING CO,AED,4.0,,FETCH_FAIL,ADX:ADNOC,UNAVAILABLE_HISTORICAL,
KYG020141019,AK MEDICAL HLDGS L,HKD,5.85,1789.HK,5.90,NO TICKER,VIA_SHEET,0.85%
COTK7PA00028,GRUPO CIBEST SA PRF,COP,62000.0,BLANK,FETCH_FAIL,NO TICKER,VIA_SHEET,
COTK7PA00010,GRUPO CIBEST SA CFD GO,USD,20.743773,BLANK,FETCH_FAIL,NO TICKER,VIA_SHEET,
AEE01710A255,ALEC HOLDINGS PJSC,AED,1.47,ALEC.AE,1.48,ADX:ALEC,UNAVAILABLE_HISTORICAL,0.68%
DE000HAG0005,HENSOLDT AG CFD HSBC,EUR,87.78,HAG.DE,83.48,NO TICKER,VIA_SHEET,4.90%
INE466L01038,360 ONE WAM LTD,INR,1183.2,360ONE.NS,1078.80,NO TICKER,VIA_SHEET,8.82%
CNE100001T72,YANGTZE OPTICAL FI,HKD,38.38,6869.HK,210.20,NO TICKER,VIA_SHEET,447.68%
US48241A1051,KB FINANCIAL ADR CFD G,USD,58.76,KB,100.99,NO TICKER,VIA_SHEET,71.86%
LU2791994721,AUNA S A,USD,4.8,AUNA,4.49,NO TICKER,VIA_SHEET,6.46%
CA01921D2041,ALLIED GOLD CORP,USD,31.41,AAUC.TO,34.77,NO TICKER,VIA_SHEET,10.70%
Z208B2665,CAPITAL TANKERS CORP,NOK,134.0,BLANK,FETCH_FAIL,NO TICKER,VIA_SHEET,
SA1660HI1GH4,NICE ONE BEAUTY DI,SAR,54.3,4339.SR,5.54,TADAWUL:4339,UNAVAILABLE_HISTORICAL,89.80%
MHY1096C1093,CAPITAL TANKERS CO,NOK,132.04,,FETCH_FAIL,NO TICKER,VIA_SHEET,
SA15GG53GHH3,ELM CO CFD GOLDMAN,USD,175.263228,7203.SR,701.00,TADAWUL:7203,UNAVAILABLE_HISTORICAL,299.97%
PHY7318T1017,ROBINSONS RETAIL H,PHP,48.2,,FETCH_FAIL,PSE:ROBINSONS,UNAVAILABLE_HISTORICAL,
GRS533003000,OPTIMA BANK S.A.,EUR,12.74,OPTIMA.AT,10.64,NO TICKER,VIA_SHEET,16.48%
GG00BMG42V42,SUPER GROUP (SGHC),USD,5.99,SGHC,12.86,NO TICKER,VIA_SHEET,114.77%
BRSMFTACNOR1,SMARTFIT ESCOLA SA,BRL,20.81,SMFT3.SA,18.21,NO TICKER,VIA_SHEET,12.49%
SA15DGH1VOH4,NAYIFAT FINANCE CO,SAR,34.008487,,FETCH_FAIL,TADAWUL:NAYIFAT,UNAVAILABLE_HISTORICAL,
QA000A0M6MD5,AL KHALIJ COMMERCIAL C,USD,0.68511,,FETCH_FAIL,NO TICKER,VIA_SHEET,
SGXE54866863,AZTECH GLOBAL LTD,SGD,0.905,,FETCH_FAIL,NO TICKER,VIA_SHEET,
ID1000130305,INDUSTRI JAMU & FA,IDR,940.0,SIDO.JK,384.00,NO TICKER,VIA_SHEET,59.15%
KYG4701H1092,IHS HOLDING LIMITED,USD,13.02,IHS,8.31,NO TICKER,VIA_SHEET,36.21%
SA1210540914,BUPA ARABIA FOR COOP C,USD,34.688549,8210.SR,177.00,TADAWUL:8210,UNAVAILABLE_HISTORICAL,410.25%
SA1330R2TQ16,SAUDI AIRLINES CATER C,USD,21.925034,6004.SR,78.00,TADAWUL:6004,UNAVAILABLE_HISTORICAL,255.76%
RO52R88LRB29,OMV PETROM CFD RTS CFD,EUR,0.006678,BLANK,FETCH_FAIL,NO TICKER,VIA_SHEET,
AED000201015,DUBAI ISLAM GS SWAP,USD,1.127144,BLANK,FETCH_FAIL,NO TICKER,VIA_SHEET,
GRS419003009,OPAP SA CFD GOLDMAN,EUR,13.82,,FETCH_FAIL,NO TICKER,VIA_SHEET,
EGS75011C014,MM GROUP INDUSTRIA,EGP,2.66,MMGR.CA,FETCH_FAIL,NO TICKER,VIA_SHEET,
ID1000164205,PT DAYAMITRA TELEK,IDR,645.0,MTEL.JK,520.00,NO TICKER,VIA_SHEET,19.38%
PLLPP0000011,LPP SA,PLN,8005.0,LPP.WA,21660.00,WSE:LPP,UNAVAILABLE_HISTORICAL,170.58%
JP3758110005,BEENOS INC CFD HSBC,USD,16.838092,,FETCH_FAIL,NO TICKER,VIA_SHEET,
GG00B3Z62522,DORIC NIMROD AIR T PRF,GBP,1.2,BLANK,FETCH_FAIL,NO TICKER,VIA_SHEET,
GB00B7FC0762,NMC HEALTH PLC,GBP,1e-06,BLANK,FETCH_FAIL,NO TICKER,VIA_SHEET,
VN000000VJC7,VIETJET AVIATION JSC C,USD,4.909004,VJC.VN,171000.00,NO TICKER,VIA_SHEET,3483295.00%
ID1000164700,CISARUA MOUNTAIN D,IDR,4340.0,CMRY.JK,4830.00,NO TICKER,VIA_SHEET,11.29%
EGS60121C018,COMMERCIAL INT BANK CF,USD,1.341615,COMI.CA,133.00,NO TICKER,VIA_SHEET,9813.43%
SA55SG6H5716,ADES HOLDING COMPA,SAR,19.78,2382.SR,19.04,TADAWUL:2382,UNAVAILABLE_HISTORICAL,3.74%
CY0200222111,SUNRISE MEZZ PLC,EUR,0.0885,BLANK,FETCH_FAIL,NO TICKER,VIA_SHEET,
ID1000142904,BANK SYARIAH INDON,IDR,2540.0,BRIS.JK,1980.00,NO TICKER,VIA_SHEET,22.05%
SA000A0KFKK0,SAHARA INTERNATIONAL C,USD,9.780929,2310.SR,14.46,TADAWUL:2310,UNAVAILABLE_HISTORICAL,47.84%
GRS282183003,JUMBO SA,EUR,27.0,BELA.AT,23.28,NO TICKER,VIA_SHEET,13.78%
INE0JO301016,YATHARTH HOSP TRAUMA C,USD,4.876864,YATHARTH.NS,792.85,NO TICKER,VIA_SHEET,16157.37%
PLBZ00000044,SANTANDER BANK POL,PLN,466.2,SPL.WA,613.60,WSE:SANTANDER,UNAVAILABLE_HISTORICAL,31.62%
SA15T1L22JH8,SAL SAUDI LOGISTIC,SAR,106.0,1831.SR,6.70,TADAWUL:1831,UNAVAILABLE_HISTORICAL,93.68%
SA160G51UO10,MIDDLE EAST PHARMA,SAR,138.4,4013.SR,217.50,TADAWUL:4013,UNAVAILABLE_HISTORICAL,57.15%
SA14K0Q0SJ16,LEEJAM SPORTS CO JSC C,USD,27.992535,4031.SR,32.16,TADAWUL:4031,UNAVAILABLE_HISTORICAL,14.89%
MHY7542C1306,SCORPIO TANKERS INC,USD,41.23,STNG,75.38,NO TICKER,VIA_SHEET,82.82%
AEE01377S248,SPINNEYS 1961 HOLD,AED,1.58,SPINNEYS.AE,1.18,DFM:SPINNEYS,UNAVAILABLE_HISTORICAL,25.32%
SA162GLI0NH7,AL TAISEER GROUP T,SAR,43.0,1214.SR,15.01,TADAWUL:1214,UNAVAILABLE_HISTORICAL,65.09%
SA000A0ETHT1,ALMARAI CO,SAR,55.0,2280.SR,45.00,TADAWUL:2280,UNAVAILABLE_HISTORICAL,18.18%
MX01BA1D0003,INDS BACHOCO SAB,MXN,80.93,,FETCH_FAIL,NO TICKER,VIA_SHEET,
SA000A0BLA62,JARIR MARKETING CFD GO,USD,3.663414,4190.SR,16.10,TADAWUL:4190,UNAVAILABLE_HISTORICAL,339.48%
GG00BMWCCD46,DORIC NIMROD AIR T,GBP,1.43,,FETCH_FAIL,NO TICKER,VIA_SHEET,
MA0000012585,AKDITAL,MAD,1105.0,AKDI.CS,FETCH_FAIL,NO TICKER,VIA_SHEET,
KR7017860008,DS DANSUK CO LTD,KRW,89000.0,017860.KS,16950.00,NO TICKER,VIA_SHEET,80.96%
THB056010010,I-TAIL CORPORATION,THB,22.4,,FETCH_FAIL,NO TICKER,VIA_SHEET,
MXP370841019,GPO MEXICO SA,MXN,72.77,GFAMSA.MX,FETCH_FAIL,NO TICKER,VIA_SHEET,
QA0007227752,COMM BK OF QATAR,QAR,5.78,CBQK.QA,4.17,NO TICKER,VIA_SHEET,27.91%
AEE01195A234,ADNOC GAS PLC CFD GOLD,USD,0.982861,,FETCH_FAIL,ADX:ADNOCGAS,UNAVAILABLE_HISTORICAL,
AEE000701012,EMIRATE INTEGRATED,AED,10.3,,FETCH_FAIL,ADX:EMIRATE,UNAVAILABLE_HISTORICAL,
RO249YW1FZP5,ELECTRO-ALFA INTL,RON,8.85,ELMA.RO,0.25,NO TICKER,VIA_SHEET,97.20%
CNE100006XS6,JIANGSU HENGRUI PH,HKD,44.05,6998.HK,1.93,NO TICKER,VIA_SHEET,95.62%
CNE100007HC1,DELTON TECHNOLOGY,HKD,71.88,,FETCH_FAIL,NO TICKER,VIA_SHEET,
TH6838010010,STAR PETROLEUM PLC,THB,6.85,SPRC.BK,7.40,NO TICKER,VIA_SHEET,8.03%
CNE100007KJ0,HUAQIN CO LTD,HKD,78.483604,2512.HK,2.99,NO TICKER,VIA_SHEET,96.19%
PHY6028G1361,METRO BANK & TRUST,PHP,63.5,,FETCH_FAIL,PSE:METRO,UNAVAILABLE_HISTORICAL,
ID1000144108,MAP AKTIF ADIPERKA,IDR,640.0,MAPB.JK,1475.00,NO TICKER,VIA_SHEET,130.47%
US63253R2013,KAZATOMPROM JSC NA GDR,USD,72.3,KAP.L,0.72,NO TICKER,VIA_SHEET,99.00%
US44975P1030,NOVABRIDGE BIOSCIENC A,USD,1.84,BLANK,FETCH_FAIL,NO TICKER,VIA_SHEET,
SA16D0820P10,GAS ARABIAN SERVIC,SAR,14.7,2189.SR,FETCH_FAIL,TADAWUL:2189,UNAVAILABLE_HISTORICAL,
INE622W01025,ACME SOLAR HOLDING,INR,253.7,ACMESOLAR.NS,307.20,NO TICKER,VIA_SHEET,21.09%
GRS015003007,ALPHA SVCS & HLDGS,EUR,2.99,ALPHA.AT,3.91,NO TICKER,VIA_SHEET,30.77%
VN000000TCX2,TECHCOM SECURITIES,VND,46900.0,TCB.VN,32350.00,NO TICKER,VIA_SHEET,31.02%
KYG4790P1037,INSILICO MEDICINE,HKD,24.05,1975.HK,0.41,NO TICKER,VIA_SHEET,98.30%
MA0000011462,RISMA,MAD,351.05,RISMA.CS,FETCH_FAIL,NO TICKER,VIA_SHEET,
SA169G7I3IH8,UMM AL QURA FOR DE,SAR,16.5,4040.SR,11.68,TADAWUL:4040,UNAVAILABLE_HISTORICAL,29.21%
AEE01354I230,INVESTCORP CAP PLC,AED,2.3,,FETCH_FAIL,ADX:INVESTCORP,UNAVAILABLE_HISTORICAL,
QA000A0M8VM3,MASRAF AL RAYAN CFD GO,USD,0.601483,MARK.QA,2.12,NO TICKER,VIA_SHEET,251.80%
SA12U0RHUHH8,UNITED ELECTRON CO,SAR,78.8,4003.SR,77.40,TADAWUL:4003,UNAVAILABLE_HISTORICAL,1.78%
BH0006000044,ALUMINIUM BAHRAIN,BHD,0.89,ALBH.BH,0.89,NO TICKER,VIA_SHEET,0.00%
KR7443060009,HD HYUNDAI MARINE,KRW,224000.0,443060.KS,233000.00,NO TICKER,VIA_SHEET,4.02%
PLKETY000011,GRUPA KETY SA CFD GOLD,EUR,285.818425,BLANK,FETCH_FAIL,WSE:GRUPA,UNAVAILABLE_HISTORICAL,
SA0007879345,ALUJAIN CORP,SAR,46.25,2170.SR,28.00,TADAWUL:2170,UNAVAILABLE_HISTORICAL,39.46%
BMG6904D1083,PARATUS ENERGY,NOK,57.7,,FETCH_FAIL,NO TICKER,VIA_SHEET,
PLSTSHL00012,STS HOLDING SA,PLN,24.05,STS.WA,0.26,WSE:STS,UNAVAILABLE_HISTORICAL,98.92%
AU0000454811,LOTUS RESOURCES,AUD,2.22,LOT.AX,0.61,NO TICKER,VIA_SHEET,72.52%
INE285B01017,SPICEJET LTD,INR,14.31,BLANK,FETCH_FAIL,NO TICKER,VIA_SHEET,
KW0EQ0610166,ACTION ENERGY COMP,KWD,0.266,,FETCH_FAIL,NO TICKER,VIA_SHEET,
LU2237380790,ALLEGRO.EU,PLN,27.0,ALE.WA,34.47,NO TICKER,VIA_SHEET,27.69%
TH0612010015,BETAGRO PCL,THB,27.5,BETAGRO.BK,FETCH_FAIL,NO TICKER,VIA_SHEET,
CA21922J6043,CORNERSTONE CAPITAL,CAD,3.9,BLANK,FETCH_FAIL,NO TICKER,VIA_SHEET,
VN000000PNJ6,PHUNHUAN JEWELRY,VND,65800.0,PNJ.VN,65800.00,NO TICKER,VIA_SHEET,0.00%
BMG7997W1029,SEADRILL 2021 LTD COM,USD,27.54,SDRL,47.87,NO TICKER,VIA_SHEET,73.82%
NL0015000AU7,PEPCO GROUP NV,PLN,33.59,PCO.WA,33.12,NO TICKER,VIA_SHEET,1.40%
GRS001003052,CREDIABANK S.A,EUR,1.298,,FETCH_FAIL,NO TICKER,VIA_SHEET,
US46429B6065,ISHARES MSCI POLAND CF,USD,40.51,BLANK,FETCH_FAIL,NO TICKER,VIA_SHEET,
GRS829003003,EUROBANK S.A.,EUR,3.991,EUROB.AT,3.99,NO TICKER,VIA_SHEET,0.00%
NL0015073TS8,CSG N.V.,EUR,17.976,CSG.AS,16.80,NO TICKER,VIA_SHEET,6.53%
CNE100006Z79,ZHEJIANG SANHUA IN,HKD,22.53,002050.SZ,44.57,NO TICKER,VIA_SHEET,97.83%
AEN000101016,FIRST ABU DHABI BK,AED,16.5,,FETCH_FAIL,ADX:FAB,UNAVAILABLE_HISTORICAL,
AEF000901015,FERTIGLOBE PLC,AED,3.35,,FETCH_FAIL,ADX:FERTIGLOBE,UNAVAILABLE_HISTORICAL,
PAL1801171A1,INRETAIL PERU CORP,USD,29.7,BLANK,FETCH_FAIL,NO TICKER,VIA_SHEET,
PH0000058638,OCEANAGOLD (PHILLI,PHP,35.05,,FETCH_FAIL,NO TICKER,VIA_SHEET,
TH0689010Z18,KRUNGTHAI CARD,THB,30.0,KTC.BK,30.00,NO TICKER,VIA_SHEET,0.00%
US40054J1097,GRUPO AEROMEXICO SAB A,USD,16.96,BLANK,FETCH_FAIL,NO TICKER,VIA_SHEET,
FDGSCBIHKT,GSCBIHKT CFD GOLDMAN,HKD,87.89,BLANK,FETCH_FAIL,NO TICKER,VIA_SHEET,
Z9E17287A,Skyline Builders Cla,USD,5000.0,BLANK,FETCH_FAIL,NO TICKER,VIA_SHEET,
VN000000VPB6,VIETNAM PROSPERITY,VND,21000.0,VPB.VN,26950.00,NO TICKER,VIA_SHEET,28.33%
PLPEKAO00016,BANK PEKAO,PLN,190.4,PEO.WA,235.50,WSE:BANK,UNAVAILABLE_HISTORICAL,23.69%
QA0006929895,QATAR NATIONAL BANK CF,USD,5.234826,QNBK.QA,17.50,NO TICKER,VIA_SHEET,234.30%
AEE01268A239,ADNOC LOGISTICS CFD HS,USD,1.481078,,FETCH_FAIL,ADX:ADNOCLS,UNAVAILABLE_HISTORICAL,
KYG983381099,YATRA ONLINE INC,USD,1.54,YTRA,0.96,NO TICKER,VIA_SHEET,37.66%
MXCFFU000001,TRUST FIBRA UNO CFD GO,USD,1.770037,FUNO11.MX,28.86,NO TICKER,VIA_SHEET,1530.47%
GRS323003012,EUROBK ERGASIAS SV,EUR,3.57234,BLANK,FETCH_FAIL,NO TICKER,VIA_SHEET,
SA16AH822K19,FLYNAS COMPANY,SAR,80.0,4321.SR,16.83,TADAWUL:4321,UNAVAILABLE_HISTORICAL,78.96%
ROTLVAACNOR1,BCA TRANSILVANIA,RON,32.3,TLV.RO,37.62,NO TICKER,VIA_SHEET,16.47%
INE0JR601024,YATRA ONLINE CFD GOLDM,USD,1.686736,YTRA.NS,FETCH_FAIL,NO TICKER,VIA_SHEET,
SA15SH122J13,LUMI RENTAL CO,SAR,61.9,7203.SR,701.00,TADAWUL:7203,UNAVAILABLE_HISTORICAL,1032.47%
SA1690P13NH3,ENTAJ,SAR,65.0,6013.SR,94.00,TADAWUL:6013,UNAVAILABLE_HISTORICAL,44.62%
BMG730931091,VENTURA OFFSHORE H,NOK,24.6,BLANK,FETCH_FAIL,NO TICKER,VIA_SHEET,
SA165GP0SLH5,TAMKEEN HUMAN RE,SAR,10.0,6020.SR,12.70,TADAWUL:6020,UNAVAILABLE_HISTORICAL,27.00%
GB00BF4HYT85,BANK OF GEORGIA GROU C,GBP,46.85,TBCG.L,44.14,NO TICKER,VIA_SHEET,5.78%
AEE01198A238,AL ANSARI FINANCIA,AED,0.978,ALANSARI.AE,0.96,ADX:AL,UNAVAILABLE_HISTORICAL,1.84%
SA16502H3N15,FOURTH MILLING CO.,SAR,5.3,,FETCH_FAIL,TADAWUL:FOURTH,UNAVAILABLE_HISTORICAL,
PHY0927M1046,BLOOMBERRY RESORTS,PHP,2.7,,FETCH_FAIL,PSE:BLOOMBERRY,UNAVAILABLE_HISTORICAL,
AEE01110S227,SALIK COMPANY P.J.,AED,2.0,SALIK.AE,5.50,DFM:SALIK,UNAVAILABLE_HISTORICAL,175.00%
US98422D1054,XPENG INC - ADR CFD GO,USD,25.35,XPEV,17.57,NO TICKER,VIA_SHEET,30.71%
US21240E1055,CONTROLADORA VUELA ADR,USD,6.6,VLRS,7.45,NO TICKER,VIA_SHEET,12.88%
SA128G53E019,ETIHAD ATHEEB TELE,SAR,89.9,7030.SR,10.99,TADAWUL:7030,UNAVAILABLE_HISTORICAL,87.78%
KYG236271055,SHELF DRILLING LTD	,NOK,29.65,,FETCH_FAIL,NO TICKER,VIA_SHEET,
US88642R1095,TIDEWATER INC,USD,50.44,TDW,74.62,NO TICKER,VIA_SHEET,47.94%
SA15HG50KL10,ALMASANE ALKOBRA M,SAR,86.3,1302.SR,44.90,TADAWUL:1302,UNAVAILABLE_HISTORICAL,47.97%
KR7105560007,KB FINANCIAL GROUP,KRW,106700.0,105560.KS,152100.00,NO TICKER,VIA_SHEET,42.55%
BREGIEACNOR9,ENGIE BRASIL ENERGIA C,USD,7.416371,EGIE3.SA,32.91,NO TICKER,VIA_SHEET,343.75%
CNE100007DS6,SUZHOU RIBO LIFE S,HKD,57.97,2197.HK,1.83,NO TICKER,VIA_SHEET,96.84%
SA124060V8H1,METHANOL CHEMICALS C C,USD,2.239642,2060.SR,9.94,TADAWUL:2060,UNAVAILABLE_HISTORICAL,343.82%
SA000A0MWH44,UNITED INTL TRANSP,SAR,33.78,4260.SR,34.26,TADAWUL:4260,UNAVAILABLE_HISTORICAL,1.42%
VN000000NLG1,NAM LONG INVESTMEN,VND,26400.0,NLG.VN,26750.00,NO TICKER,VIA_SHEET,1.33%
ROSNPPACNOR9,SNP PETROM,RON,1.052,SNP.RO,1.05,NO TICKER,VIA_SHEET,0.00%
DE000HLAG475,HAPAG-LLOYD AG CFD GOL,EUR,110.6,HLAG.DE,115.70,NO TICKER,VIA_SHEET,4.61%
VGG0896C1032,BBB FOODS INC,USD,37.82,,FETCH_FAIL,NO TICKER,VIA_SHEET,
PLBNFTS00018,BENEFIT SYSTEMS SA,PLN,4410.0,BFT.WA,4336.00,WSE:BFT,UNAVAILABLE_HISTORICAL,1.68%
VN000000VCK5,VPS SECURITIES JSC,VND,33000.0,VCI.VN,24700.00,NO TICKER,VIA_SHEET,25.15%
CNE100007JY1,VICTORY GIANT TECH,HKD,426.0,,FETCH_FAIL,NO TICKER,VIA_SHEET,
SA562G3GSL11,SAUDI MANPOWER SOL,SAR,7.5,6010.SR,16.79,TADAWUL:6010,UNAVAILABLE_HISTORICAL,123.87%
SA164H113MH2,ARABIAN MILLS CO,SAR,66.0,,FETCH_FAIL,TADAWUL:ARABIAN,UNAVAILABLE_HISTORICAL,
GB00BYT18307,TBC BANK GROUP PLC CFD,GBP,30.3,TBCG.L,44.14,NO TICKER,VIA_SHEET,45.68%
MA0000012783,SOC GEN TRAV D,MAD,899.7,SGT.CS,FETCH_FAIL,NO TICKER,VIA_SHEET,
LU2910446546,ZABKA GROUP SA,PLN,22.15,ZAB.WA,24.81,NO TICKER,VIA_SHEET,12.01%
TH0016010R14,KASIKORNBANK PCL-NVD C,USD,6.032767,KBANK.BK,201.00,NO TICKER,VIA_SHEET,3231.80%
KYG9361H1092,DRAGON CAPTL GROUP,GBP,5.96,,FETCH_FAIL,NO TICKER,VIA_SHEET,
MXCFFI0U0002,FIBRA MACQUARIE MEXICO,MXN,43.6,FIBRAMQ12.MX,43.16,NO TICKER,VIA_SHEET,1.01%
DE000A2E4K43,DELIVERY HERO SE,EUR,36.98,DHER.DE,37.65,NO TICKER,VIA_SHEET,1.81%
SA000A0HNF36,YANBU NATIONAL PETRO C,USD,8.9911,2290.SR,32.56,TADAWUL:2290,UNAVAILABLE_HISTORICAL,262.14%
GG00BD95V148,ANDRADA MINING LTD,GBP,0.038,ATM.L,0.04,NO TICKER,VIA_SHEET,0.88%
GRS831003009,PIRAEUS BANK SA,EUR,9.15,TPEIR.AT,9.15,NO TICKER,VIA_SHEET,0.00%
US0900401060,BILIBILI INC ADR,USD,27.08,BILI,18.22,NO TICKER,VIA_SHEET,32.72%
CNE1000074L2,GENFLEET THERAPEUT,HKD,20.39,6505.HK,FETCH_FAIL,NO TICKER,VIA_SHEET,
CZ0005112300,CEZ AS CFD HSBC,EUR,53.695666,CEZ.PR,1259.00,NO TICKER,VIA_SHEET,2244.70%
SA123GA0ITH7,SAUDI ARABIAN MINING C,USD,16.264498,1211.SR,62.95,TADAWUL:1211,UNAVAILABLE_HISTORICAL,287.04%
KYG8918W1069,TONGCHENG TRAVEL,HKD,21.76,0780.HK,14.63,NO TICKER,VIA_SHEET,32.77%
MA0000012767,CASH PLUS,MAD,321.9,CASH.CS,FETCH_FAIL,NO TICKER,VIA_SHEET,
US4642866242,ISHARES MSCI THAILAN C,USD,62.71,BLANK,FETCH_FAIL,NO TICKER,VIA_SHEET,
KYG6391R1074,NANSHAN ALUMINIUM,HKD,64.15,1789.HK,5.90,NO TICKER,VIA_SHEET,90.80%
AU0000058737,LOTUS RESOURCES,AUD,0.82,LOT.AX,0.61,NO TICKER,VIA_SHEET,25.61%
MX01VE0M0003,VESTA REAL ESTATE CO L,MXN,60.9,VESTA.MX,60.51,NO TICKER,VIA_SHEET,0.64%
SA31RG522S19,KINGDOM HOLDINGS C,SAR,12.35,4280.SR,14.93,TADAWUL:4280,UNAVAILABLE_HISTORICAL,20.89%
IE00BD5B1Y92,BANK OF CYPRUS HLD,EUR,9.4,,FETCH_FAIL,NO TICKER,VIA_SHEET,
MX01Q0000008,QUALITAS CONTROLADOR C,USD,10.051929,BLANK,FETCH_FAIL,NO TICKER,VIA_SHEET,
US00218A1051,ASP ISOTOPES INC,USD,5.85,ASPI,7.86,NO TICKER,VIA_SHEET,34.27%
SA0007879105,ARAB NATIONAL BANK CFD,USD,8.043681,1080.SR,20.95,TADAWUL:1080,UNAVAILABLE_HISTORICAL,160.45%
PHY0040P1094,ALLHOME CORP,PHP,0.63,,FETCH_FAIL,PSE:ALLHOME,UNAVAILABLE_HISTORICAL,
BE6360403164,TITAN AMER SA,USD,16.01,TITC.BR,49.86,NO TICKER,VIA_SHEET,211.43%
SA000A0D9HK3,BANK ALBILAD CFD GOLDM,USD,12.717608,1140.SR,24.43,TADAWUL:1140,UNAVAILABLE_HISTORICAL,92.10%
AEE000301011,EMAAR PROPERTIES,AED,8.16,EMAAR.AE,11.56,ADX:EMAAR,UNAVAILABLE_HISTORICAL,41.67%
SA15DGU21117,ALMUNAJEM FOODS CFD HS,USD,19.740605,2280.SR,45.00,TADAWUL:2280,UNAVAILABLE_HISTORICAL,127.96%
OM0000009759,OQ EXPLORATION & PRO C,USD,1.0135,OQEP.OM,FETCH_FAIL,NO TICKER,VIA_SHEET,
ID1000139504,INTEGRA INDOCABINE,IDR,404.0,LTLS.JK,770.00,NO TICKER,VIA_SHEET,90.59%
NL0010558797,OCI N.V.,EUR,29.93,OCI.AS,3.68,NO TICKER,VIA_SHEET,87.70%
CNE100006PM5,MAO GEPING COSMETI,HKD,29.8,1808.HK,1.81,NO TICKER,VIA_SHEET,93.93%
MA0000012718,CMGP GROUP,MAD,266.05,CMGP.CS,FETCH_FAIL,NO TICKER,VIA_SHEET,
SA15CGS10H12,ACWA POWER CO CFD GOLD,USD,65.591254,2082.SR,186.00,TADAWUL:2082,UNAVAILABLE_HISTORICAL,183.57%
PHY1757W1054,CONVERGE INFORMATI,PHP,10.84,,FETCH_FAIL,PSE:CONVERGE,UNAVAILABLE_HISTORICAL,
SA000A0LE310,ADVANCED PETROCHEMIC C,USD,12.128159,2330.SR,25.70,TADAWUL:2330,UNAVAILABLE_HISTORICAL,111.90%
CNE100003662,CONTEMPORARY AMPEREX C,USD,42.579742,300750.SZ,420.10,NO TICKER,VIA_SHEET,886.62%
CNE100006T36,MIXUE GROUP,HKD,202.5,2097.HK,287.20,NO TICKER,VIA_SHEET,41.83%
US92189F8178,VANECK VIETNAM ETF CFD,USD,11.16,VNM,18.45,NO TICKER,VIA_SHEET,65.32%
VGG0457F1071,ARCOS DORADOS HLDS,USD,7.65,BLANK,FETCH_FAIL,NO TICKER,VIA_SHEET,
VNMIRSSI2514,SSI SECURITIES CORP CF,USD,0.114941,BLANK,FETCH_FAIL,NO TICKER,VIA_SHEET,
KYG6181S1093,MINIMAX GROUP INC,HKD,165.0,2319.HK,17.19,NO TICKER,VIA_SHEET,89.58%
AEE01200P230,PRESIGHT AI HOLDIN,AED,3.61,BLANK,FETCH_FAIL,ADX:PRESIGHT,UNAVAILABLE_HISTORICAL,
US46434V4234,ISHRS MSCI SAUDI ARA C,USD,38.17,BLANK,FETCH_FAIL,NO TICKER,VIA_SHEET,
SA12C051UH11,MOUWASAT MEDICAL S,SAR,70.8,4002.SR,64.90,TADAWUL:4002,UNAVAILABLE_HISTORICAL,8.33%
SA16AGP0KLH7,UNITED CARTON IND,SAR,50.0,2370.SR,33.30,TADAWUL:2370,UNAVAILABLE_HISTORICAL,33.40%
VN000000MBB5,MILITARY COMMERCIA,VND,25000.0,MBB.VN,25100.00,NO TICKER,VIA_SHEET,0.40%
US46627J3023,JSC HALYK BANK GDR,USD,32.0,HSBK.L,0.32,NO TICKER,VIA_SHEET,99.00%
KR7402340004,SK SQUARE CO LTD,KRW,1233000.0,402340.KS,1256000.00,NO TICKER,VIA_SHEET,1.87%
GB00B0WD0R35,SOLGOLD PLC,GBP,0.103,,FETCH_FAIL,NO TICKER,VIA_SHEET,
VN000000VHM0,VINHOMES JSC,VND,41000.0,VHM.VN,152000.00,NO TICKER,VIA_SHEET,270.73%
MA0000012528,TGCC SA,MAD,959.0,TGCC.CS,FETCH_FAIL,NO TICKER,VIA_SHEET,
US3999091008,GRUPO FINANCIARO GAL A,USD,40.1,GGAL,51.08,NO TICKER,VIA_SHEET,27.38%
MHY641771016,OKEANIS ECO TANKERS,USD,37.29,OET.OL,442.50,NO TICKER,VIA_SHEET,1086.65%
CNE100007DX6,MONTAGE TECHNOLOGY,HKD,106.89,688152.SS,33.39,NO TICKER,VIA_SHEET,68.76%
AU000000LPI1,LITHIUM POWER INTL NPV,AUD,0.565,LPI.AX,FETCH_FAIL,NO TICKER,VIA_SHEET,
INE066P01011,INOX WIND LTD,INR,100.95,INOXWIND.NS,83.84,NSE:INOXWIND,UNAVAILABLE_HISTORICAL,16.95%
SA15GHD4KS19,GAS ARABIAN SERVIC,SAR,16.92,,FETCH_FAIL,TADAWUL:GAS,UNAVAILABLE_HISTORICAL,
VN000000MSN4,MASAN GROUP CORP CFD H,USD,3.340673,MSN.VN,74700.00,NO TICKER,VIA_SHEET,2235976.38%
MXCFTE0B0005,TERRAFINA,MXN,39.19,,FETCH_FAIL,NO TICKER,VIA_SHEET,
KW0EQ0100085,KUWAIT FINANCE HOUSE C,USD,2.338552,BLANK,FETCH_FAIL,NO TICKER,VIA_SHEET,
QA000QLM0003,QLM LIFE & MEDICAL,QAR,2.075,,FETCH_FAIL,NO TICKER,VIA_SHEET,
MYL5326OO003,99 SPEED MART RETA,MYR,1.88,5326.KL,3.30,NO TICKER,VIA_SHEET,75.53%
SA14TG012N13,SAUDI ARABIAN OIL CO C,USD,6.878349,2222.SR,27.36,TADAWUL:2222,UNAVAILABLE_HISTORICAL,297.77%
CY0200751713,THEON INTL PLC,EUR,31.95,,FETCH_FAIL,NO TICKER,VIA_SHEET,
GRS426003000,MOTOR OIL(HELLAS) SA,EUR,36.98,MOH.AT,36.98,NO TICKER,VIA_SHEET,0.00%
AEA000201011,ABU DHABI COMM.BK.,AED,13.7,,FETCH_FAIL,ADX:ADCB,UNAVAILABLE_HISTORICAL,
INE208C01025,AEGIS LOGISTICS,INR,748.45,AEGISLOG.NS,774.25,NO TICKER,VIA_SHEET,3.45%
PLDGNST00012,DIAGNOSTYKA SA,PLN,177.9,,FETCH_FAIL,WSE:DIAGNOSTYKA,UNAVAILABLE_HISTORICAL,
SA0007879519,YANBU CEMENT CO CFD HS,USD,4.468902,3060.SR,16.50,TADAWUL:3060,UNAVAILABLE_HISTORICAL,269.22%
SA13L050IE10,THE SAUDI NAT BANK,SAR,39.9,1180.SR,39.14,TADAWUL:1180,UNAVAILABLE_HISTORICAL,1.90%
CNE100007KM4,SHANGHAI XIZHI TEC,HKD,174.9,2706.HK,58.05,NO TICKER,VIA_SHEET,66.81%
SA0007879048,RIYAD BANK CFD HSBC,USD,5.56962,1010.SR,20.31,TADAWUL:1010,UNAVAILABLE_HISTORICAL,264.66%
SA0007879451,YAMAMAH CEMENT CO,SAR,24.77,3020.SR,24.75,TADAWUL:3020,UNAVAILABLE_HISTORICAL,0.08%
SA1591410GH0,ALKHORAYEF WATER &,SAR,121.7,4265.SR,25.42,TADAWUL:4265,UNAVAILABLE_HISTORICAL,79.11%
VN000000MWG0,MOBILE WORLD INVES,VND,76300.0,MWG.VN,79100.00,NO TICKER,VIA_SHEET,3.67%
SA15M1HH2NH5,SAUDI ARAMCO BASE,SAR,126.5,2030.SR,45.60,TADAWUL:2222,UNAVAILABLE_HISTORICAL,63.95%
SA0007879550,SAUDI ELECTRICITY CO C,USD,4.325001,5110.SR,16.40,TADAWUL:5110,UNAVAILABLE_HISTORICAL,279.19%
KYG8879R1048,TIME INTERCONNECT,HKD,19.22,1729.HK,18.80,NO TICKER,VIA_SHEET,2.19%
EU0009658426,SX7E INDEX CFD GOLDMAN,EUR,273.22,BLANK,FETCH_FAIL,NO TICKER,VIA_SHEET,
SA16B0CHUPH2,SPECIALIZED MEDICA,SAR,24.16,4019.SR,16.77,TADAWUL:4019,UNAVAILABLE_HISTORICAL,30.59%
NL0015002X96,THEON INTL PLC,EUR,1.65,,FETCH_FAIL,NO TICKER,VIA_SHEET,
LU2290522684,INPOST S.A.,EUR,10.1,INPST.AS,15.36,NO TICKER,VIA_SHEET,52.08%
VN000000VRE6,VINCOM RETAIL JSC,VND,23850.0,VRE.VN,31200.00,NO TICKER,VIA_SHEET,30.82%
BE0974303357,CENERGY HLDGS SA,EUR,10.52,CENER.BR,27.34,NO TICKER,VIA_SHEET,159.89%
ID1000128309,ARWANA CITRAMULIA,IDR,575.0,ARNA.JK,446.00,NO TICKER,VIA_SHEET,22.43%
GB00BMXNWH07,NOBLE CORP PLC CFD GOL,USD,24.17,,FETCH_FAIL,NO TICKER,VIA_SHEET,
ZAE000339891,BOXER RETAIL LTD,ZAR,69.27,BOX.JO,7664.00,NO TICKER,VIA_SHEET,10963.95%
INE066P20011,INOX WIND LTD,INR,24.48,BLANK,FETCH_FAIL,NO TICKER,VIA_SHEET,
BRSRNAACNOR4,SERENA ENERGIA S.A,BRL,6.31,,FETCH_FAIL,NO TICKER,VIA_SHEET,
CY0200352116,FRONTLINE PLC USD,USD,13.38,BLANK,FETCH_FAIL,NO TICKER,VIA_SHEET,
SA1610O13M15,MODERN MILLS FOR F,SAR,62.4,2100.SR,20.34,TADAWUL:2100,UNAVAILABLE_HISTORICAL,67.40%
AEE01388A243,ALEF EDUCATION CON,AED,1.14,,FETCH_FAIL,ADX:ALEF,UNAVAILABLE_HISTORICAL,
SA1510P1UMH1,DR SULAIMAN AL HABIB C,USD,72.237168,4007.SR,26.78,TADAWUL:4007,UNAVAILABLE_HISTORICAL,62.93%
AEE01456N241,NMDC ENERGY CFD GOLDMA,USD,0.76234,,FETCH_FAIL,ADX:NMDC,UNAVAILABLE_HISTORICAL,
NL0015000JZ7,CTP N.V,EUR,1e-06,BLANK,FETCH_FAIL,NO TICKER,VIA_SHEET,
GB00B11DNM70,HORIZONTE MINERALS,GBP,0.074,BLANK,FETCH_FAIL,NO TICKER,VIA_SHEET,
SA15QGU1UNH6,JAMJOOM PHARMACEUT,SAR,78.0,,FETCH_FAIL,TADAWUL:JAMJOOM,UNAVAILABLE_HISTORICAL,
US1055321053,BRASKEM SA CFD HSBC,USD,17.06,BAK,4.15,NO TICKER,VIA_SHEET,75.67%
US87190U1007,TDCX INC,USD,18.0,TDCX,FETCH_FAIL,NO TICKER,VIA_SHEET,
DE000RENK730,RENK GROUP AG CFD HSBC,EUR,56.26,RENK.DE,FETCH_FAIL,NO TICKER,VIA_SHEET,
SA15L1I156H7,ARABIAN DRILLING,SAR,169.6,2381.SR,87.40,TADAWUL:2381,UNAVAILABLE_HISTORICAL,48.47%
PLPKO0000016,POWSZECHNA KASA OS,PLN,83.74,PKO.WA,100.22,WSE:POWSZECHNA,UNAVAILABLE_HISTORICAL,19.68%
BRCPLEACNOR8,CIA PARANAENSE DE,BRL,11.56,,FETCH_FAIL,NO TICKER,VIA_SHEET,
CNE1000075S4,SANY HEAVY IND CO,HKD,20.6,0631.HK,8.02,NO TICKER,VIA_SHEET,61.07%
CNE100000X85,ZOOMLION HEAVY INDUS C,HKD,7.21,BLANK,FETCH_FAIL,NO TICKER,VIA_SHEET,
AEE01569T248,TALABAT HOLDING PL,AED,0.926,TALABAT.AE,1.22,ADX:TALABAT,UNAVAILABLE_HISTORICAL,31.75%
AU0000446957,LOTUS RESOURCES,AUD,3.17,LOT.AX,0.61,NO TICKER,VIA_SHEET,80.76%
VN000000ACB8,ASIA COMMERCIAL BK,VND,22950.0,ACB.VN,24900.00,NO TICKER,VIA_SHEET,8.50%
US48581R2058,KASPI KZ JSC ADR,USD,79.54,KSPI,90.00,NO TICKER,VIA_SHEET,13.15%
GRS434003000,PUBLIC POWER CORP,EUR,21.56,PPC.AT,21.56,NO TICKER,VIA_SHEET,0.00%
VN000000HDB1,HO CHI MINH CITY D,VND,25900.0,HDB.VN,25750.00,NO TICKER,VIA_SHEET,0.58%
US66980N2036,NOVA LJUBLJANSKA GDR,EUR,44.0,,FETCH_FAIL,NO TICKER,VIA_SHEET,
SA0007879360,SUSTAINED INFRASTR,SAR,34.8,,FETCH_FAIL,TADAWUL:SUSTAINED,UNAVAILABLE_HISTORICAL,
US2017122050,COMMERCIAL INTL BK GDR,USD,2.435,BLANK,FETCH_FAIL,NO TICKER,VIA_SHEET,
VN000000FPT1,FPT CORPORATION,VND,71600.0,FPT.VN,72900.00,HOSE:FPT,UNAVAILABLE_HISTORICAL,1.82%
VN000000TCB8,VIETNAM TECHNOLOGI,VND,32750.0,TCB.VN,32350.00,NO TICKER,VIA_SHEET,1.22%
SA0007879055,BANK AL-JAZIRA CFD GOL,USD,3.051218,1020.SR,11.50,TADAWUL:1020,UNAVAILABLE_HISTORICAL,276.90%
SA165I21VPH1,TASHEEL,SAR,39.78,4083.SR,39.16,TADAWUL:4083,UNAVAILABLE_HISTORICAL,1.56%
VN000000SSI1,SSI SECURITIES CORP CF,USD,1.045151,SSI.VN,27450.00,HOSE:SSI,UNAVAILABLE_HISTORICAL,2626314.75%
KYG8193D1043,SKYLINE BUILDERS GRO C,USD,3.43,BLANK,FETCH_FAIL,NO TICKER,VIA_SHEET,
SA000A0B89Q3,SAUDI IND INVESTMENT C,USD,6.969012,2250.SR,14.10,TADAWUL:2250,UNAVAILABLE_HISTORICAL,102.32%
KW0EQ0602452,JAZEERA AIRWAYS,KWD,1.9,JAZEERA.KW,1779.00,NO TICKER,VIA_SHEET,93531.58%
SA132GSGS910,SEERA GROUP HLDG,SAR,22.1,1810.SR,22.03,TADAWUL:1810,UNAVAILABLE_HISTORICAL,0.32%
BRELETACNOR6,CENTRAIS ELET BRAS,BRL,45.3,,FETCH_FAIL,NO TICKER,VIA_SHEET,
AEE01072B225,BOROUGE PLC,AED,3.0,BORUF,3.55,ADX:BOROUGE,UNAVAILABLE_HISTORICAL,18.47%
BH0005508765,AHLI UNITED BANK B.S C,USD,1.013146,BLANK,FETCH_FAIL,NO TICKER,VIA_SHEET,
SA15JHPITV18,ALAMAR FOODS CO,SAR,123.0,6012.SR,14.04,TADAWUL:6012,UNAVAILABLE_HISTORICAL,88.59%
PHY8321B1036,SYNERGY GRID & DEV,PHP,12.1,,FETCH_FAIL,PSE:SYNERGY,UNAVAILABLE_HISTORICAL,
AED001801011,DUBAI ELECTRICITY,AED,2.55,DEWA.AE,2.60,NO TICKER,VIA_SHEET,1.96%
KR7373220003,LG ENERGY SOLUTION,KRW,300000.0,373220.KS,455000.00,NO TICKER,VIA_SHEET,51.67%
SA15ED94KR18,JAHEZ INTERNATIONA,SAR,954.4,9543.SR,47.50,TADAWUL:9543,UNAVAILABLE_HISTORICAL,95.02%
SA121053DR18,MOBILE TELECOM CFD HSB,USD,3.022871,7020.SR,62.65,TADAWUL:7020,UNAVAILABLE_HISTORICAL,1972.53%
KYG2135N1060,CHINA RESOURCE BEV,HKD,14.5,3969.HK,3.38,NO TICKER,VIA_SHEET,76.69%
INE474Q01031,GLOBAL HEALTH LTD,INR,459.75,MEDANTA.NS,1168.80,NSE:MEDANTA,UNAVAILABLE_HISTORICAL,154.23%
GRS518003009,IPTO HLDG S.A,EUR,2.6,,FETCH_FAIL,NO TICKER,VIA_SHEET,
MA0000012759,VICENNE,MAD,417.8,VICT.CS,FETCH_FAIL,NO TICKER,VIA_SHEET,
ZAE000005443,PICK'N PAY STORES,ZAR,25.51,PIK.JO,1859.00,NO TICKER,VIA_SHEET,7187.34%
BMG1466R1732,BORR DRILLING LTD - US,USD,4.14,BORR,5.14,NO TICKER,VIA_SHEET,24.03%
AEE000401019,EMIRATES TELECOM GRO C,USD,4.383338,,FETCH_FAIL,ADX:EAND,UNAVAILABLE_HISTORICAL,
AT000ADDIKO0,ADDIKO BANK AG,EUR,18.6,ADKO.VI,27.00,NO TICKER,VIA_SHEET,45.16%
KYG9066F1019,TRIP COM GROUP LTD CFD,HKD,475.2,9961.HK,377.60,NO TICKER,VIA_SHEET,20.54%
