ISIN,ANALYST
AEA000201011,VS
AEA000801018,VS
AEA002001013,VS
AEE000701012,VS
AEE001901017,VS
AEE01200P230,JB
AEE01268A239,VS
AEE01710A255,JB
AEF000901015,VS
AEN000101016,VS
AEN000401010,VS
AU000000AEE7,JB
AU0000058737,JB
AU0000446957,JB
AU0000454811,JB
BD0102CTBNK5,VS
BD0138BRACB9,VS
BD0473SQPH00,VS
BE0974271034,VS
BE0974338700,VS
BH0006000044,JB
BMG2519Y1084,UNASSIGNED
BMG5331N1011,AS
BRBPACUNT006,IS
BRCPLEACNOR8,IS
BRPGMNACNOR8,IS
BRPOMOACNPR7,IS
CA01921D2041,JB
CA85207H1047,AS
CNE100000296,HK
CNE1000003C0,KX
CNE1000004L9,HK
CNE100000B24,KX
CNE1000020V4,KX
CNE100003662,KX
CNE100007DD8,HK
CNE100007DS6,KX
CNE100007DX6,KX
CNE100007DY4,HK
CNE100007DZ1,KX
CNE100007FF8,KX
CNE100007HC1,KX
CNE100007HD9,KX
CNE100007JX3,KX
CNE100007JY1,KX
CNE100007KJ0,KX
CNE100007LD1,KX
CNE100007KM4,HK
COTK7PA00010,JB
COTK7PA00028,JB
CY0101162119,VS
CY0200751713,VS
DE0007030009,AS
DE000A2E4K43,VS
DE000HAG0005,AS
DE000HLAG475,JB
DE000RENK730,AS
EGS60121C018,UNASSIGNED
EGS691S1C011,AS
EGS743O1C013,AS
EU0009658426,VS
FDGSCBIHKT,HK
GB00BJVWTM27,JB
GB00BL6K5J42,JB
GB00BTQGS779,VS
GG00BD95V148,JB
GRS001003052,VS
GRS298343005,VS
GRS426003000,VS
GRS434003000,VS
GRS434003000:FUT,VS
GRS472003011,VS
GRS533003000,VS
GRS541003000,VS
GRS829003003,VS
GRS830003000,VS
GRS831003009,VS
HK0000069689,HK
HU0000061726,AS
HU0000073507,AS
HU0000153937,AS
ID1000058407,UNASSIGNED
ID1000060007,UNASSIGNED
ID1000095003,VS
ID1000096605,UNASSIGNED
ID1000097405,VS
ID1000099807,VS
ID1000102502,UNASSIGNED
ID1000128705,UNASSIGNED
ID1000132707,UNASSIGNED
ID1000142904,VS
ID1000144108,VS
ID1000188006,UNASSIGNED
ID1000193709,VS
IE00BD5B1Y92,VS
INE013P01021,VS
INE066P01011,VS
INE0BS701011,VS
INE208C01025,VS
INE285B01017,VS
INE377N01017,VS
INE530B01024,VS
INE622W01025,VS
INE953L01027,VS
JE00B6T5S470,AS
JE00BF50RG45,JB
KE1000001402,AS
KR7000720003,IS
KR7005931001,IS
KR7009540006,IS
KR7012450003,IS
KR7028260008,IS
KR7042520007,HK
KR7064350002,IS
KR7105560007,IS
KR7241710003,UNASSIGNED
KR7267260008,IS
KR7402340004,IS
KR7443060009,IS
KW0EQ0610166,JB
KYG017191142,HK
KYG020141019,HK
KYG070341048,HK
KYG465871120,HK
KYG6181S1093,KX
KYG6391R1074,HK
KYG8193D1043,JB
KYG8879R1048,HK
KYG9361H1092,UNASSIGNED
LK0053N00005,VS
LU2237380790,AS
LU2791994721,JB
LU2910446546,AS
MA0000011462,AS
MA0000011801,AS
MHY1096C1093,JB
MHY622674098,VS
MHY641771016,VS
MX01AL0C0004,JB
MX01ME090003,JB
MX01Q0000008,JB
MX01VE0M0003,JB
MXCFFI0U0002,JB
MXCFFM010000,JB
MXP370711014,JB
MYL1023OO000,UNASSIGNED
MYL1295OO004,UNASSIGNED
MYL5209OO001,UNASSIGNED
MYL5225OO007,UNASSIGNED
MYL5246OO003,UNASSIGNED
MYL5306OO005,UNASSIGNED
MYL5309OO009,UNASSIGNED
MYL5326OO003,UNASSIGNED
MYL5337OO000,UNASSIGNED
MYL5347OO009,HK
MYQ0128OO007,UNASSIGNED
MYQ0151OO009,UNASSIGNED
MYQ0225OO001,UNASSIGNED
NL0015000AU7,AS
NL0015073TP4,IS
NL0015073TS8,AS
OM0000009759,VS
PAL1801171A1,JB
PAP169941328,JB
PEP736001004,JB
PH0000058638,AS
PH0000061442,AS
PHY077751022,AS
PHY0967S1694,UNASSIGNED
PHY6028G1361,AS
PHY716171079,UNASSIGNED
PHY7318T1017,AS
PK0078701015,VS
PL4FNMD00013,AS
PLBNFTS00018,AS
PLBUDMX00013,AS
PLDGNST00012,AS
PLKETY000011,AS
PLKGHM000017,AS
PLLPP0000011,AS
PLPEKAO00016,AS
PLPKN0000018,AS
PLPKO0000016,AS
PLSNKTK00019,AS
QA0006929770,VS
QA0006929812,JB
QA0006929853,VS
QA0006929879,VS
QA0006929895,VS
QA0007227695,JB
QA0007227737,VS
QA0007227752,VS
QA000A0KD6H9,JB
QA000A0KD6K3,VS
QA000A0KD6L1,JB
QA000A0M8VM3,VS
QA000A0NCQB1,VS
QA000A0Q6LH4,JB
QA000A0YDSW8,JB
QA000B982PM1,VS
QA000M2522L9,JB
QA000PK2KD10,JB
QA000QLM0003,VS
QA000T98R9J4,JB
RO249YW1FZP5,AS
ROSNPPACNOR9,AS
RU0006944147,UNASSIGNED
RU0009029540,UNASSIGNED
RU0009046452,UNASSIGNED
RU0009062467,UNASSIGNED
RU000A0JKQU8,UNASSIGNED
RU000A1025V3,UNASSIGNED
SA0007870054,UNASSIGNED
SA0007879048,VS
SA0007879055,VS
SA0007879089,VS
SA0007879113,VS
SA0007879360,JB
SA0007879402,VS
SA0007879451,JB
SA0007879519,JB
SA0007879543,UNASSIGNED
SA0007879550,JB
SA000A0DM9P2,VS
SA000A0HNF36,VS
SA000A0JK4U9,JB
SA000A0LB2R6,JB
SA000A0MWH44,JB
SA11TGN15119,JB
SA122050HV19,UNASSIGNED
SA123GA0ITH7,JB
SA124060V8H1,VS
SA12U0RHUHH8,JB
SA139051UIH0,JB
SA13DG50KB18,JB
SA13L050IE10,VS
SA14TG012N13,VS
SA1591410GH0,JB
SA15DHKGHBH4,JB
SA15GG53GHH3,JB
SA15GH80KKH0,JB
SA15M1HH2NH5,VS
SA162GIK1SH5,JB
SA165I21VPH1,JB
SA1690F1VQ15,JB
SA169G7I3IH8,VS
SA16CI8KMOH3,JB
SA16D0820P10,JB
SA55SG6H5716,JB
TH0003010Z12,UNASSIGNED
TH0016010R14,VS
TH0168A10Z19,UNASSIGNED
TH0176B10Z18,UNASSIGNED
TH0264A10Z12,UNASSIGNED
TH0481B10Z18,UNASSIGNED
TH0528A10Z14,VS
TH0689010Z18,VS
TH0737010Y16,UNASSIGNED
TH0765010R16,VS
TH5456010Y18,UNASSIGNED
TH6253010016,UNASSIGNED
TH6838010010,VS
THC997010010,UNASSIGNED
THD365010012,VS
TRAAKBNK91N6,VS
TRAGARAN91N1,VS
TRAISCTR91N2,VS
TRATUPRS91E8,VS
TRAYKBNK91N6,VS
TREPEGS00016,VS
TW0002308004,VS
TW0002330008,IS
TW0002345006,IS
TW0002382009,IS
TW0002383007,IS
TW0002449006,IS
TW0003711008,IS
TW0008069006,IS
US2017122050,AS
US23292E1082,HK
US36165L1089,HK
US3999091008,JB
US40054J1097,JB
US44975P1030,HK
US4642866242,VS
US46429B6065,AS
US46627J3023,JB
US48581R2058,JB
US63253R2013,JB
US63654D1164,JB
US66980N2036,AS
US71654V1017,IS
US83407L2079,UNASSIGNED
US83418T1088,UNASSIGNED
VGG2R04S1048,HK
VN000000ACB8,SB
VN000000CTD4,UNASSIGNED
VN000000CTG7,UNASSIGNED
VN000000DGW9,UNASSIGNED
VN000000DXG7,SB
VN000000FPT1,SB
VN000000FRT7,SB
VN000000GMD0,SB
VN000000HDB1,SB
VN000000HPG4,SB
VN000000KDH2,UNASSIGNED
VN000000MBB5,SB
VN000000MWG0,SB
VN000000NLG1,SB
VN000000PNJ6,SB
VN000000SIP7,UNASSIGNED
VN000000SSI1,SB
VN000000STB4,UNASSIGNED
VN000000TCB8,SB
VN000000TCX2,SB
VN000000VCB4,UNASSIGNED
VN000000VCK5,SB
VN000000VHM0,SB
VN000000VNM8,SB
VNMIRSSI2514,SB
Z9E17287A,JB
ZAE000255915,IS
ZAE000351946,HK
ZBBDAFCC0,UNASSIGNED
